# Wavelength (micron) Flux (erg/s/cm^2/AA) Flux_Error (erg/s/cm^2/AA)
1.579999999999999818e+04 nan 1.201730491908348427e-06
1.581009523809523489e+04 nan 1.200196297204562243e-06
1.582019047619047342e+04 nan 1.198665038581476127e-06
1.583028571428571195e+04 nan 1.197136708551927841e-06
1.584038095238095048e+04 nan 1.195611299652605267e-06
1.585047619047618718e+04 nan 1.194088804443955984e-06
1.586057142857142571e+04 nan 1.192569215510096637e-06
1.587066666666666424e+04 nan 1.191052525458721878e-06
1.588076190476190095e+04 nan 1.189538726921015009e-06
1.589085714285713948e+04 nan 1.188027812551559038e-06
1.590095238095237801e+04 nan 1.186519775028246051e-06
1.591104761904761472e+04 nan 1.185014607052190177e-06
1.592114285714285325e+04 nan 1.183512301347638015e-06
1.593123809523809177e+04 nan 1.182012850661881600e-06
1.594133333333332848e+04 nan 1.180516247765169890e-06
1.595142857142856701e+04 nan 1.179022485450622792e-06
1.596152380952380554e+04 nan 1.177531556534143493e-06
1.597161904761904225e+04 nan 1.176043453854332274e-06
1.598171428571428078e+04 nan 1.174558170272401173e-06
1.599180952380951931e+04 nan 1.173075698672087164e-06
1.600190476190475601e+04 nan 1.171596031959567876e-06
1.601199999999999454e+04 nan 1.170119163063376679e-06
1.602209523809523307e+04 nan 1.168645084934317555e-06
1.603219047619046978e+04 nan 1.167173790545381247e-06
1.604228571428570831e+04 nan 1.165705272891662666e-06
1.605238095238094684e+04 1.864666053563659129e-16 4.155151569088960017e-16
1.606247619047618355e+04 2.092286892683765633e-16 2.350847520485819872e-16
1.607257142857142208e+04 3.912122407212987446e-17 1.904283196836328331e-16
1.608266666666666060e+04 9.947846020975920923e-17 1.547085616320172738e-16
1.609276190476189731e+04 1.452717445033316686e-16 1.299607533156350743e-16
1.610285714285713584e+04 7.072021767277924033e-17 1.004907367209504387e-16
1.611295238095237437e+04 -2.981211945287029559e-18 8.453818479890103446e-17
1.612304761904761108e+04 3.917354662482386922e-17 7.282037901262038539e-17
1.613314285714284961e+04 1.847588001817710495e-17 7.153764854099855496e-17
1.614323809523808814e+04 8.116276194957635076e-17 5.903639013286113994e-17
1.615333333333332484e+04 8.272514942143006118e-17 4.949295416996289943e-17
1.616342857142856337e+04 -6.102740200499406410e-18 5.028893493850509427e-17
1.617352380952380190e+04 4.746061824301241870e-17 3.687587284352136177e-17
1.618361904761903861e+04 4.728114748500541608e-17 3.429125104703532872e-17
1.619371428571427714e+04 9.834070683913474212e-17 3.387195774017128609e-17
1.620380952380951567e+04 3.918451942267428740e-17 2.668363356652235995e-17
1.621390476190475238e+04 2.223068920990959204e-17 2.413530304660722869e-17
1.622399999999999091e+04 4.016314463306398430e-17 2.337341401658052048e-17
1.623409523809522943e+04 6.739895989609466626e-17 2.147795895415954165e-17
1.624419047619046614e+04 4.580887580748958857e-17 2.254905221368179328e-17
1.625428571428570467e+04 3.005025282254918841e-17 2.024241693658111952e-17
1.626438095238094320e+04 5.080910733397282148e-17 1.961469284383296259e-17
1.627447619047617991e+04 5.387075897984139137e-17 1.970580087303534240e-17
1.628457142857141844e+04 4.199793013265816063e-17 1.716664134589874289e-17
1.629466666666665697e+04 4.778085768375781052e-17 1.572236862655174075e-17
1.630476190476189367e+04 5.226855884335319925e-17 1.579470361719569234e-17
1.631485714285713220e+04 1.984291256915345616e-17 1.311434314799572173e-17
1.632495238095237073e+04 4.162464397419065872e-17 1.812484287475452916e-17
1.633504761904760744e+04 3.868444407459036744e-17 1.500167858245683684e-17
1.634514285714284597e+04 5.580945639755754211e-17 1.310810384027006337e-17
1.635523809523808450e+04 3.547054420712370698e-17 1.294193122282301865e-17
1.636533333333332121e+04 3.971517022109606309e-17 1.169006128103264011e-17
1.637542857142855974e+04 5.514950817916955227e-17 1.205203535880094599e-17
1.638552380952379826e+04 4.993540004800672212e-17 1.277685541113016091e-17
1.639561904761903497e+04 4.898250099122621258e-17 1.181711099809487868e-17
1.640571428571427532e+04 7.330287961551887269e-17 1.176177273327437762e-17
1.641580952380951203e+04 3.864106107818323914e-17 1.176674502662641167e-17
1.642590476190474874e+04 6.717453811246826540e-17 1.260570098590410349e-17
1.643599999999998909e+04 4.387142892660145891e-17 1.409819803620655123e-17
1.644609523809522580e+04 5.658321067514315523e-17 1.173379928639846346e-17
1.645619047619046250e+04 5.252403144715181784e-17 1.159373467392447583e-17
1.646628571428570285e+04 4.921797920923985832e-17 1.197609795684169411e-17
1.647638095238093956e+04 5.530833043167780004e-17 1.426063174203457921e-17
1.648647619047617627e+04 3.821046306458882761e-17 1.069747942521258912e-17
1.649657142857141662e+04 6.394219468534832907e-17 1.187533082102349260e-17
1.650666666666665333e+04 4.257774376501702058e-17 1.074865136131994945e-17
1.651676190476189004e+04 4.993016103251376048e-17 1.211729867849293410e-17
1.652685714285713038e+04 4.715956888343883200e-17 1.935291645500824283e-17
1.653695238095236709e+04 5.845419195118834924e-17 1.445827744866519451e-17
1.654704761904760380e+04 3.318890262811720807e-17 1.374197150163951392e-17
1.655714285714284415e+04 8.413950276056922577e-17 1.645599428316872086e-17
1.656723809523808086e+04 5.661093822149919806e-17 1.339734438065318839e-17
1.657733333333331757e+04 4.507126102842392844e-17 1.210757357314324326e-17
1.658742857142855792e+04 4.309408212318547027e-17 1.132112183802548665e-17
1.659752380952379463e+04 4.556904618330818848e-17 1.103966161118606442e-17
1.660761904761903133e+04 3.337799718089231271e-17 9.880858126418118615e-18
1.661771428571427168e+04 4.992224475659001780e-17 1.070081302665117179e-17
1.662780952380950839e+04 4.169519967729543079e-17 1.109281594994219946e-17
1.663790476190474510e+04 5.025510169529849927e-17 1.303292003465871833e-17
1.664799999999998545e+04 3.836402859706095209e-17 1.081846974040217473e-17
1.665809523809522216e+04 3.700322789218171381e-17 1.291462042910934816e-17
1.666819047619045887e+04 5.107286451119699462e-17 1.281176504452918591e-17
1.667828571428569921e+04 7.260233261721582919e-17 1.202266722627169045e-17
1.668838095238093592e+04 5.716606543718215905e-17 1.226535538904778180e-17
1.669847619047617263e+04 4.512133272549867614e-17 1.124950921907657762e-17
1.670857142857141298e+04 6.258902262359648418e-17 1.312871616327362149e-17
1.671866666666664969e+04 5.532662832219564103e-17 1.350228274775868105e-17
1.672876190476188640e+04 5.072688811082074282e-17 1.159369565395342564e-17
1.673885714285712675e+04 5.065083255656356298e-17 1.230763065436807101e-17
1.674895238095236346e+04 3.853322850692324048e-17 1.068153282210639990e-17
1.675904761904760016e+04 4.988461523844600056e-17 1.049932507445877142e-17
1.676914285714284051e+04 3.071765818715062761e-17 1.091830511811759526e-17
1.677923809523807722e+04 6.080801886686753215e-17 1.116155374732350572e-17
1.678933333333331393e+04 5.256211352290576015e-17 1.181408046169785298e-17
1.679942857142855428e+04 3.696748850142144430e-17 1.089385992465867419e-17
1.680952380952379099e+04 4.338346316623360622e-17 1.206288574192668000e-17
1.681961904761902770e+04 5.795409625593563552e-17 1.311854801146988004e-17
1.682971428571426804e+04 4.830621353394348439e-17 1.182593604542370999e-17
1.683980952380950475e+04 4.402771456994774659e-17 1.062142408497775320e-17
1.684990476190474146e+04 4.453130731110894325e-17 1.254573230988733344e-17
1.685999999999998181e+04 4.133594427606889247e-17 1.028798798069753580e-17
1.687009523809521852e+04 3.953604504302875180e-17 1.200148968182738517e-17
1.688019047619045523e+04 3.917261728785900207e-17 1.088809845358958868e-17
1.689028571428569558e+04 5.249879828109913361e-17 1.134670220642937634e-17
1.690038095238093229e+04 6.071894074252361958e-17 1.112767458876579745e-17
1.691047619047616899e+04 4.210742940809166335e-17 1.176043769416382028e-17
1.692057142857140934e+04 3.855860475194564326e-17 1.080984238712143327e-17
1.693066666666664605e+04 5.179549266337244917e-17 1.109761952072386661e-17
1.694076190476188276e+04 3.603207637943610543e-17 1.062924905246374570e-17
1.695085714285712311e+04 5.442720794593658756e-17 1.023632798195808106e-17
1.696095238095235982e+04 5.326087339378852545e-17 1.122832113618604810e-17
1.697104761904759653e+04 3.300466500599433664e-17 9.398923597900795521e-18
1.698114285714283687e+04 7.375649893308384691e-17 1.220422943078677127e-17
1.699123809523807358e+04 6.147773431016240427e-17 1.065389799740261788e-17
1.700133333333331029e+04 6.094544270891519612e-17 1.024156612022075558e-17
1.701142857142855064e+04 3.820033781993029103e-17 1.176461892955437271e-17
1.702152380952378735e+04 6.456019638249533676e-17 1.185990370147842803e-17
1.703161904761902406e+04 4.457531786477073119e-17 1.043322130871204225e-17
1.704171428571426441e+04 5.369339381887336487e-17 1.020247714508688004e-17
1.705180952380950112e+04 4.138101830203821835e-17 1.165387457665829974e-17
1.706190476190473782e+04 3.994214229252359568e-17 1.019923855420335472e-17
1.707199999999997817e+04 5.115196993001447862e-17 1.020551692877898846e-17
1.708209523809521488e+04 5.227117199891461157e-17 9.967670735020648216e-18
1.709219047619045159e+04 4.538701673580554617e-17 1.090455255279637327e-17
1.710228571428569194e+04 6.565323874315480789e-17 1.231154006709917128e-17
1.711238095238092865e+04 4.676052357697136508e-17 1.065765091869269887e-17
1.712247619047616536e+04 4.401012938988342697e-17 9.272158263409550530e-18
1.713257142857140570e+04 3.967114830410375235e-17 9.529291889431916494e-18
1.714266666666664241e+04 4.046801311130171528e-17 9.432129212819773777e-18
1.715276190476187912e+04 5.217144498224151840e-17 9.996407443248385455e-18
1.716285714285711947e+04 4.480020340359476062e-17 1.027135245305366108e-17
1.717295238095235618e+04 5.664444862260544192e-17 1.056813880493584433e-17
1.718304761904759289e+04 6.151657325200442401e-17 1.076999507857174623e-17
1.719314285714283324e+04 4.747794557717128025e-17 1.001108489248746941e-17
1.720323809523806995e+04 5.544085738933142519e-17 1.107418556323451019e-17
1.721333333333331029e+04 3.845274302786823492e-17 1.259075842140692999e-17
1.722342857142854700e+04 6.770991934638633568e-17 1.060440200070135220e-17
1.723352380952378371e+04 5.605588377729221518e-17 1.131796570013698844e-17
1.724361904761902406e+04 4.962666357275837583e-17 1.247581629901847433e-17
1.725371428571426077e+04 4.381423653087110756e-17 1.068696535851609655e-17
1.726380952380949748e+04 6.202616220346890628e-17 1.037118142275667198e-17
1.727390476190473782e+04 6.328375213645530529e-17 1.074562923583324993e-17
1.728399999999997453e+04 6.455593091856325919e-17 1.105274970495964892e-17
1.729409523809521124e+04 8.384699515587985944e-17 1.287363675147793165e-17
1.730419047619045159e+04 4.235985979690159091e-17 1.121126278395904977e-17
1.731428571428568830e+04 7.379015113000149585e-17 1.081073825141376277e-17
1.732438095238092501e+04 5.822839280050388343e-17 1.188409133943141808e-17
1.733447619047616536e+04 5.519473154908853415e-17 1.200890528636724138e-17
1.734457142857140207e+04 5.777495873924563884e-17 1.144048705519571497e-17
1.735466666666663878e+04 5.332915855287443209e-17 1.066132339608087132e-17
1.736476190476187912e+04 4.469879568434319460e-17 1.044408466991722201e-17
1.737485714285711583e+04 3.893755130045086066e-17 1.066952592413812769e-17
1.738495238095235254e+04 4.460005512085992104e-17 1.059383707443738981e-17
1.739504761904759289e+04 4.613032287237910403e-17 1.168174283748568545e-17
1.740514285714282960e+04 6.610185084644435325e-17 1.285000195036298210e-17
1.741523809523806631e+04 5.058360088730362741e-17 1.024627888752092282e-17
1.742533333333330665e+04 5.116085135548892363e-17 1.128878762250308079e-17
1.743542857142854336e+04 4.741453530718859305e-17 1.212832407845171113e-17
1.744552380952378007e+04 5.183008333010578253e-17 1.199093002188753040e-17
1.745561904761902042e+04 7.939443509339187142e-17 1.080209536898505986e-17
1.746571428571425713e+04 5.600105333001091546e-17 1.036124718976092386e-17
1.747580952380949384e+04 4.618974932969762298e-17 1.130460988217636425e-17
1.748590476190473419e+04 4.234627499214619253e-17 1.175282275312917127e-17
1.749599999999997090e+04 8.385432487622601764e-17 1.243129326267858025e-17
1.750609523809520761e+04 5.777129058321735534e-17 1.038086344367066299e-17
1.751619047619044795e+04 6.538781096265008200e-17 9.596456950972489579e-18
1.752628571428568466e+04 6.074929585815955482e-17 9.709016188959482235e-18
1.753638095238092137e+04 5.859569888205259495e-17 9.993088410210474184e-18
1.754647619047616172e+04 3.834645711715331036e-17 8.926725947407954680e-18
1.755657142857139843e+04 4.667497034978888264e-17 9.257405214643005283e-18
1.756666666666663514e+04 5.262832557778759063e-17 9.212102990255006102e-18
1.757676190476187548e+04 6.059575055015409954e-17 9.116192484995541137e-18
1.758685714285711219e+04 5.788721503634994478e-17 9.931464300881040747e-18
1.759695238095234890e+04 6.629371488092456244e-17 9.580800149801609702e-18
1.760704761904758925e+04 5.556386742605660713e-17 9.427654445875661050e-18
1.761714285714282596e+04 6.490257207273757291e-17 1.009853930630589191e-17
1.762723809523806267e+04 8.710492236768137900e-17 1.144335628654441947e-17
1.763733333333330302e+04 6.070880291950878262e-17 8.922964793265718148e-18
1.764742857142853973e+04 7.600629859615358756e-17 9.126185120756243181e-18
1.765752380952377644e+04 6.294206882910522421e-17 8.814285912338355822e-18
1.766761904761901678e+04 4.295023680290784536e-17 8.854279213814272798e-18
1.767771428571425349e+04 6.902275810647279481e-17 9.899746153344104934e-18
1.768780952380949020e+04 4.942911975065681522e-17 8.607443377215581666e-18
1.769790476190473055e+04 6.908400525391656282e-17 8.302656456546057894e-18
1.770799999999996726e+04 6.486463241874579785e-17 8.430796808671755827e-18
1.771809523809520397e+04 8.674992883829043915e-17 8.366156466297042444e-18
1.772819047619044431e+04 8.264184124494352400e-17 8.564903932718404049e-18
1.773828571428568102e+04 7.415206302371858493e-17 8.785321261696525184e-18
1.774838095238091773e+04 6.496598528878425929e-17 9.891262154822281103e-18
1.775847619047615808e+04 6.464311335605153664e-17 9.472765435400929329e-18
1.776857142857139479e+04 6.221548641633451670e-17 9.340576980064215228e-18
1.777866666666663150e+04 7.220341447014900916e-17 1.033273615383669252e-17
1.778876190476187185e+04 8.174173902699881178e-17 8.847681867592102780e-18
1.779885714285710856e+04 7.577892792923792103e-17 8.547795860436326888e-18
1.780895238095234527e+04 8.266405031373779092e-17 9.164870637082388091e-18
1.781904761904758561e+04 1.110328518670237100e-16 1.099648543733998496e-17
1.782914285714282232e+04 1.156084223342286778e-16 8.955433649993618808e-18
1.783923809523805903e+04 9.397269415434368272e-17 8.964705460604054669e-18
1.784933333333329938e+04 9.613545731804361124e-17 9.379795957067864931e-18
1.785942857142853609e+04 8.459244210894143618e-17 8.801947627789949298e-18
1.786952380952377280e+04 9.972964041199007596e-17 1.056420664370819655e-17
1.787961904761901314e+04 8.217962980523841834e-17 9.402882115595058463e-18
1.788971428571424985e+04 7.863145507798559798e-17 9.297969293667957136e-18
1.789980952380948656e+04 8.173979377534803422e-17 8.458850647787837436e-18
1.790990476190472691e+04 7.618418081083562331e-17 1.037496020575381683e-17
1.791999999999996362e+04 6.535826644739393545e-17 9.417862198822044911e-18
1.793009523809520033e+04 8.926661065987138718e-17 1.012811249636687194e-17
1.794019047619044068e+04 1.013674626101038771e-16 1.048164562474978705e-17
1.795028571428567739e+04 1.163813468182260838e-16 1.066610586446464381e-17
1.796038095238091410e+04 1.118264409512087111e-16 9.328109182164588304e-18
1.797047619047615444e+04 1.337264667008422420e-16 9.519418021896705705e-18
1.798057142857139115e+04 1.078440161214126622e-16 1.040552534673894132e-17
1.799066666666662786e+04 1.256711517803470142e-16 9.436616081101151286e-18
1.800076190476186821e+04 1.145961695476455893e-16 9.251032480943114104e-18
1.801085714285710492e+04 1.187176110414549764e-16 1.080346897224003642e-17
1.802095238095234163e+04 1.153879365034689362e-16 8.399118039006565525e-18
1.803104761904758197e+04 1.038572596978145174e-16 8.731646633476286910e-18
1.804114285714281868e+04 8.962944161544603009e-17 9.066402375916321986e-18
1.805123809523805539e+04 7.880159227701577214e-17 8.997013186630685663e-18
1.806133333333329574e+04 6.976969460477453920e-17 9.121543353667850437e-18
1.807142857142853245e+04 6.860359695559571354e-17 9.168238314757059070e-18
1.808152380952376916e+04 5.514084654294243355e-17 8.530468788453595310e-18
1.809161904761900951e+04 6.852135833264633815e-17 7.939727659993333587e-18
1.810171428571424622e+04 7.750194241650906700e-17 8.558315320065714261e-18
1.811180952380948293e+04 7.079995937747447829e-17 8.870256976053585551e-18
1.812190476190472327e+04 9.665990498086056470e-17 8.811705137348759931e-18
1.813199999999995998e+04 1.137677912935832349e-16 9.134525230438217663e-18
1.814209523809519669e+04 1.185105995511098863e-16 9.139728998250524222e-18
1.815219047619043704e+04 9.013049771680651924e-17 9.164028893088285007e-18
1.816228571428567375e+04 1.236157060932468883e-16 1.095840890610682494e-17
1.817238095238091046e+04 1.193384845265409533e-16 1.020959470986992991e-17
1.818247619047615080e+04 1.251792529285950139e-16 9.265157015134375055e-18
1.819257142857138751e+04 1.261693671351575285e-16 9.357957261917112427e-18
1.820266666666662422e+04 1.270461228876983842e-16 1.089243431341625675e-17
1.821276190476186457e+04 1.187526781463807120e-16 9.565355376263172753e-18
1.822285714285710128e+04 1.241987197267064219e-16 9.352026176365093727e-18
1.823295238095233799e+04 1.350875119080143923e-16 9.671462713643063921e-18
1.824304761904757834e+04 1.399424549803063230e-16 9.580181294280221287e-18
1.825314285714281505e+04 1.140185515430942597e-16 1.053354354975337080e-17
1.826323809523805176e+04 1.134157482952581022e-16 9.463021347085454091e-18
1.827333333333329210e+04 1.148782714059474429e-16 1.047550785647226046e-17
1.828342857142852881e+04 1.091683106640660343e-16 9.165658889383163306e-18
1.829352380952376552e+04 8.055031305671510569e-17 8.670947991700832266e-18
1.830361904761900587e+04 8.782242065610043266e-17 8.479592372055001583e-18
1.831371428571424258e+04 7.246230165073720118e-17 8.330983436193989640e-18
1.832380952380948293e+04 6.842563736296400768e-17 8.580291416953148153e-18
1.833390476190471963e+04 6.979358915431773031e-17 8.549219469954167483e-18
1.834399999999995634e+04 7.625918629769897186e-17 8.725973520756482964e-18
1.835409523809519669e+04 7.722437834712905717e-17 9.541050468522480346e-18
1.836419047619043340e+04 7.498724995591273471e-17 8.065112386000326615e-18
1.837428571428567011e+04 9.576101297079893511e-17 8.193288667732648127e-18
1.838438095238091046e+04 9.572000632797790623e-17 9.041182161108625501e-18
1.839447619047614717e+04 1.133670824618221781e-16 9.607225386269935499e-18
1.840457142857138388e+04 1.135048028502711467e-16 8.481378370625157449e-18
1.841466666666662422e+04 1.121143774965562644e-16 8.790750694621841218e-18
1.842476190476186093e+04 1.191927139665570353e-16 8.539829455950957738e-18
1.843485714285709764e+04 1.397806601060963239e-16 8.953426542258055946e-18
1.844495238095233799e+04 1.375906805474885085e-16 9.594727370052697922e-18
1.845504761904757470e+04 1.319838568855225147e-16 9.126554116660922761e-18
1.846514285714281141e+04 1.309139988507422571e-16 9.302285079369067332e-18
1.847523809523805176e+04 1.410099709550512706e-16 9.179318519535203132e-18
1.848533333333328846e+04 1.322576674921983179e-16 8.671434418154262877e-18
1.849542857142852517e+04 1.374299041520382412e-16 8.538785030406946322e-18
1.850552380952376552e+04 1.336157398720228909e-16 8.523108252115328924e-18
1.851561904761900223e+04 1.219321127406357630e-16 8.491921278594828347e-18
1.852571428571423894e+04 1.117067476768758172e-16 8.400318337604592650e-18
1.853580952380947929e+04 7.780126608392765462e-17 8.092007535980203156e-18
1.854590476190471600e+04 4.864272511469502245e-17 9.491644034077553609e-18
1.855599999999995271e+04 8.135139658796933630e-17 7.731542410419162807e-18
1.856609523809519305e+04 9.876140322820279721e-17 7.913002333405963309e-18
1.857619047619042976e+04 1.096532733999466777e-16 8.291789113140410912e-18
1.858628571428566647e+04 1.272542382508182589e-16 9.711789939634374121e-18
1.859638095238090682e+04 1.314644739343228760e-16 8.481627897855313084e-18
1.860647619047614353e+04 1.241500127729844323e-16 8.208984774737141221e-18
1.861657142857138024e+04 1.254250749046566175e-16 8.167041395560925499e-18
1.862666666666662059e+04 1.312180276190214110e-16 8.549339579684648490e-18
1.863676190476185729e+04 1.332637765913609993e-16 8.977705748032515695e-18
1.864685714285709400e+04 1.347964677840139726e-16 1.022412250444210654e-17
1.865695238095233435e+04 1.169103379414934494e-16 8.540072676298470064e-18
1.866704761904757106e+04 1.044142266489482298e-16 7.991652249425155571e-18
1.867714285714280777e+04 9.131021065855964443e-17 8.383284272170825860e-18
1.868723809523804812e+04 7.958095714396289347e-17 7.533509195969796213e-18
1.869733333333328483e+04 5.078888978731014969e-17 7.278608038495629351e-18
1.870742857142852154e+04 4.135725610362248606e-17 7.029992588250948139e-18
1.871752380952376188e+04 7.046541860545695542e-17 8.107827800354525432e-18
1.872761904761899859e+04 8.258140497507732887e-17 8.684796624680061930e-18
1.873771428571423530e+04 6.141707606338104077e-17 9.341461282463977412e-18
1.874780952380947565e+04 9.728085805672403282e-17 8.296984160972270749e-18
1.875790476190471236e+04 8.581010705397178351e-17 7.663890423642367880e-18
1.876799999999994907e+04 1.080229244532921834e-16 7.779348728377794413e-18
1.877809523809518942e+04 1.109503783189972919e-16 1.012455886721476089e-17
1.878819047619042612e+04 1.096119877141046100e-16 9.383173920546739923e-18
1.879828571428566283e+04 1.315821735565632827e-16 9.465725376201276615e-18
1.880838095238090318e+04 1.319964763410905266e-16 9.540540188467797254e-18
1.881847619047613989e+04 1.349554500354039628e-16 8.981504204408667769e-18
1.882857142857137660e+04 1.484118429826779241e-16 9.538606042575388118e-18
1.883866666666661695e+04 1.470661205397426496e-16 9.672903000854102596e-18
1.884876190476185366e+04 1.422851287536363581e-16 9.310316334014209323e-18
1.885885714285709037e+04 1.598397830425677969e-16 9.893032853117232285e-18
1.886895238095233071e+04 1.576402825582788074e-16 9.856848719435342611e-18
1.887904761904756742e+04 1.457774972858159873e-16 9.436997341882250503e-18
1.888914285714280413e+04 1.446663556108423453e-16 9.427800445039911823e-18
1.889923809523804448e+04 1.703726933225474637e-16 9.561982651636575494e-18
1.890933333333328119e+04 1.503642105078965055e-16 9.395292844770371526e-18
1.891942857142851790e+04 1.561764938182407290e-16 9.108373751999389644e-18
1.892952380952375825e+04 1.666463061320234659e-16 1.015664118890557233e-17
1.893961904761899495e+04 1.533791737199199107e-16 9.031072931568532571e-18
1.894971428571423166e+04 1.607738334443296347e-16 8.358523822777352944e-18
1.895980952380947201e+04 1.564396885164661016e-16 9.079756798820556034e-18
1.896990476190470872e+04 1.594335843213326387e-16 1.039470057683860011e-17
1.897999999999994543e+04 1.470197800809919654e-16 9.422759880000332539e-18
1.899009523809518578e+04 1.468307548587127920e-16 8.870149308415701351e-18
1.900019047619042249e+04 1.612530533762860451e-16 9.201362635606647173e-18
1.901028571428565920e+04 1.530821836896743431e-16 8.758852077416722292e-18
1.902038095238089954e+04 1.646738943600130337e-16 1.013571339293909771e-17
1.903047619047613625e+04 1.512081847441474628e-16 8.994191855057185889e-18
1.904057142857137296e+04 1.528770287209446246e-16 8.711291293152944904e-18
1.905066666666661331e+04 1.404546176515503871e-16 8.603690943219873269e-18
1.906076190476185002e+04 1.552177241906821578e-16 9.291636481114978672e-18
1.907085714285708673e+04 1.357099608489173766e-16 8.512082019112917091e-18
1.908095238095232708e+04 1.428034702241377076e-16 8.550710471423574333e-18
1.909104761904756378e+04 1.581105754370588339e-16 8.040539437927964742e-18
1.910114285714280049e+04 1.578027425142163775e-16 8.108254935574756624e-18
1.911123809523804084e+04 1.436752827448058104e-16 8.433545568423865110e-18
1.912133333333327755e+04 1.509818769895993494e-16 1.011102539358843575e-17
1.913142857142851426e+04 1.427727754604493284e-16 8.551112521763088448e-18
1.914152380952375461e+04 1.464612107733915860e-16 8.498587427571225482e-18
1.915161904761899132e+04 1.566176482916222127e-16 9.134071154432694107e-18
1.916171428571422803e+04 1.350005878806720206e-16 9.159401698927924223e-18
1.917180952380946837e+04 1.479897320256585920e-16 9.349869434634537127e-18
1.918190476190470508e+04 1.287985927344151697e-16 8.899007796812236263e-18
1.919199999999994179e+04 1.444674402380224597e-16 8.841317108932929069e-18
1.920209523809518214e+04 1.264959256445516991e-16 7.876073035710311180e-18
1.921219047619041885e+04 1.424928606276283137e-16 9.320342816509223394e-18
1.922228571428565556e+04 1.384970716432338660e-16 8.118234124038834780e-18
1.923238095238089591e+04 1.220587097103047519e-16 7.745931637546291802e-18
1.924247619047613262e+04 1.380502925374225176e-16 8.700260753514215225e-18
1.925257142857136932e+04 1.119540655425148869e-16 8.369817795194799742e-18
1.926266666666660967e+04 1.359652019001415341e-16 8.305368409307460962e-18
1.927276190476184638e+04 1.149753123263529572e-16 8.139643098334411523e-18
1.928285714285708309e+04 1.359649184959826434e-16 8.722631977258754689e-18
1.929295238095232344e+04 1.108546190079563681e-16 7.963863046918067028e-18
1.930304761904756015e+04 1.011408944737763326e-16 7.739230097282914235e-18
1.931314285714279686e+04 8.058992721986860951e-17 8.675722304823530568e-18
1.932323809523803720e+04 8.635290175375534092e-17 7.288741924839366617e-18
1.933333333333327391e+04 7.686378266411849548e-17 7.130300751723361145e-18
1.934342857142851062e+04 7.975293324034199430e-17 7.749161578817773806e-18
1.935352380952375097e+04 7.265525799984121183e-17 7.727995942851071528e-18
1.936361904761898768e+04 7.714624101890635831e-17 7.375116962110159782e-18
1.937371428571422439e+04 8.575216170548447150e-17 7.650236957344947304e-18
1.938380952380946474e+04 1.163997086026420217e-16 8.222751467713891125e-18
1.939390476190470145e+04 1.212642334113952854e-16 8.013476784209148778e-18
1.940399999999994179e+04 1.219723360496899357e-16 8.288824076053656922e-18
1.941409523809517850e+04 1.183794432969591684e-16 8.885639291792477596e-18
1.942419047619041521e+04 1.331083838151750249e-16 7.908067174035364676e-18
1.943428571428565556e+04 1.381626694514174473e-16 7.580216966436182632e-18
1.944438095238089227e+04 1.292416712111783065e-16 8.358659857536068053e-18
1.945447619047612898e+04 1.543908715360255283e-16 7.896626613466115098e-18
1.946457142857136932e+04 1.393872245884558901e-16 7.635005804624237059e-18
1.947466666666660603e+04 1.389785556475857838e-16 7.952152324744298592e-18
1.948476190476184274e+04 1.240413131276880192e-16 8.093822366032822883e-18
1.949485714285708309e+04 1.498983189578212266e-16 8.266372757247280537e-18
1.950495238095231980e+04 1.422847634910793063e-16 8.431529918180458712e-18
1.951504761904755651e+04 1.392016811675764273e-16 8.093304513640161585e-18
1.952514285714279686e+04 1.433122359563451448e-16 8.119043904444215235e-18
1.953523809523803357e+04 1.509932307599861056e-16 8.128574834987895370e-18
1.954533333333327028e+04 1.547452390622832549e-16 8.683474507878427224e-18
1.955542857142851062e+04 1.399310302301032810e-16 8.797054811693208477e-18
1.956552380952374733e+04 1.415815073152974140e-16 7.808464782783028100e-18
1.957561904761898404e+04 1.452568434143206476e-16 7.600448692225576531e-18
1.958571428571422439e+04 1.553623103204014796e-16 7.586724436380640038e-18
1.959580952380946110e+04 1.649353630518461876e-16 9.026862403623966407e-18
1.960590476190469781e+04 1.381946292587336004e-16 8.155409475830925553e-18
1.961599999999993815e+04 1.420728868111791383e-16 7.678940971771778887e-18
1.962609523809517486e+04 1.484844673843030792e-16 7.728739905966774052e-18
1.963619047619041157e+04 1.375462446052640090e-16 8.689927556669235928e-18
1.964628571428565192e+04 1.401427109053216245e-16 7.830968162874002969e-18
1.965638095238088863e+04 1.496719625420048622e-16 8.079608695845484350e-18
1.966647619047612534e+04 1.397540215530462846e-16 7.893104462058050853e-18
1.967657142857136569e+04 1.276300526935426652e-16 8.228690515394941805e-18
1.968666666666660240e+04 1.421232639802340438e-16 8.841290336313286665e-18
1.969676190476183911e+04 1.407324341331575826e-16 8.674882264405075988e-18
1.970685714285707945e+04 1.523851146721409168e-16 9.061361668919865411e-18
1.971695238095231616e+04 1.481898659804546324e-16 9.568720189256119006e-18
1.972704761904755287e+04 1.259784893724075357e-16 9.422239862909901019e-18
1.973714285714279322e+04 1.246703079558970954e-16 1.092227597723101853e-17
1.974723809523802993e+04 1.244092413950977724e-16 1.000635483630083405e-17
1.975733333333326664e+04 1.473635133868904322e-16 9.385862654272825734e-18
1.976742857142850698e+04 1.398528724667334596e-16 9.001586363143838359e-18
1.977752380952374369e+04 1.602188646050772493e-16 8.640729171089156418e-18
1.978761904761898040e+04 1.325164700791476238e-16 9.142821286652509531e-18
1.979771428571422075e+04 1.478297505616395289e-16 8.852221457294726077e-18
1.980780952380945746e+04 1.494780843727772759e-16 8.202951076301362569e-18
1.981790476190469417e+04 1.395576180565032112e-16 7.898885196104810609e-18
1.982799999999993452e+04 1.508995135555975661e-16 8.222056340918651132e-18
1.983809523809517123e+04 1.460421122615368560e-16 8.565109041657164634e-18
1.984819047619040794e+04 1.467552567795901908e-16 9.220226519728318684e-18
1.985828571428564828e+04 1.488544007748611036e-16 8.532150129786441879e-18
1.986838095238088499e+04 1.541987212643941275e-16 8.714635492222471107e-18
1.987847619047612170e+04 1.474562666576913925e-16 9.810681734297144910e-18
1.988857142857136205e+04 1.439326632377874299e-16 8.853156822725736212e-18
1.989866666666659876e+04 1.450016739499147417e-16 8.723021233563491150e-18
1.990876190476183547e+04 1.357178189665858910e-16 8.659561285857166099e-18
1.991885714285707581e+04 1.319651693853717309e-16 7.716391793905212897e-18
1.992895238095231252e+04 1.528364837773771728e-16 8.844098554991571274e-18
1.993904761904754923e+04 1.513884875469226860e-16 7.921529441757768464e-18
1.994914285714278958e+04 1.469581916654334364e-16 7.532269212300107345e-18
1.995923809523802629e+04 1.540119550185842613e-16 7.286721891021662346e-18
1.996933333333326300e+04 1.474082570808321082e-16 7.312483335158304595e-18
1.997942857142850335e+04 1.485107243070868306e-16 8.542456644756194364e-18
1.998952380952374006e+04 1.536784391763027993e-16 7.591239509799385853e-18
1.999961904761897677e+04 1.503459604425432816e-16 7.707717379969329133e-18
2.000971428571421347e+04 1.437225228771750430e-16 7.400425730587863830e-18
2.001980952380945382e+04 1.534261698732597922e-16 7.520176697864774073e-18
2.002990476190469417e+04 1.475806350662765513e-16 7.580959631283048905e-18
2.003999999999993088e+04 1.541513360416165309e-16 7.883370933550895872e-18
2.005009523809516395e+04 1.421296924643599647e-16 6.940162269117858953e-18
2.006019047619040430e+04 1.391249352992179040e-16 7.042023941887961105e-18
2.007028571428564464e+04 1.507412892809690369e-16 7.302924479671337432e-18
2.008038095238088135e+04 1.486213443348807448e-16 8.473104986123314861e-18
2.009047619047611806e+04 1.548925103777187845e-16 7.414725265700957360e-18
2.010057142857135841e+04 1.538285100828342890e-16 7.114784220546612057e-18
2.011066666666659876e+04 1.389096463627326485e-16 7.062532666199666352e-18
2.012076190476183183e+04 1.434877071970635424e-16 8.185213814147656637e-18
2.013085714285706854e+04 1.423202413169486718e-16 7.092803301920042267e-18
2.014095238095230889e+04 1.346840329757302259e-16 8.361067192364630062e-18
2.015104761904754923e+04 1.409284512064406165e-16 9.051974456878907898e-18
2.016114285714278594e+04 1.658067223191898755e-16 8.598948515464861496e-18
2.017123809523801901e+04 1.419612569055297935e-16 7.599766265220353283e-18
2.018133333333325936e+04 1.408672707332930824e-16 8.705763621432610525e-18
2.019142857142849971e+04 1.484113765818863339e-16 7.115528928643981345e-18
2.020152380952373642e+04 1.483466221735077536e-16 6.819373684761074680e-18
2.021161904761897313e+04 1.443606989556517390e-16 6.899662606937928242e-18
2.022171428571421347e+04 1.457035603042461295e-16 6.796697864864914894e-18
2.023180952380945382e+04 1.369477458084616320e-16 6.972109710361651109e-18
2.024190476190468689e+04 1.395577223373193387e-16 7.013427213954357722e-18
2.025199999999992360e+04 1.386414276215220108e-16 7.068684322478652920e-18
2.026209523809516395e+04 1.402738684326726674e-16 7.750450543964668847e-18
2.027219047619040430e+04 1.259564902946134127e-16 7.501222431796901508e-18
2.028228571428564101e+04 1.311783703121494906e-16 6.876603874981343422e-18
2.029238095238087408e+04 1.372014160578330470e-16 6.968896609307103980e-18
2.030247619047611443e+04 1.366671966682575496e-16 7.250339684468451865e-18
2.031257142857135477e+04 1.388240253291536629e-16 8.110734148352765713e-18
2.032266666666659148e+04 1.325809810671450227e-16 7.627851421271255503e-18
2.033276190476182819e+04 1.259110332497415841e-16 8.970031510009188947e-18
2.034285714285706854e+04 1.196132704103141797e-16 7.919635332076566763e-18
2.035295238095230889e+04 1.379875273924627292e-16 7.035573531635953487e-18
2.036304761904754196e+04 1.263020504561123269e-16 7.756494979537439264e-18
2.037314285714277867e+04 1.261763452987983771e-16 7.387561072356292505e-18
2.038323809523801901e+04 1.319935424474631498e-16 6.741991237458382780e-18
2.039333333333325936e+04 1.240192089956146149e-16 6.619366489082595500e-18
2.040342857142849607e+04 1.253936070568427863e-16 6.713382580590069474e-18
2.041352380952373278e+04 1.240674897205039640e-16 6.933157277483869150e-18
2.042361904761896949e+04 1.010230289424895646e-16 6.800478434026091704e-18
2.043371428571420984e+04 8.334012181541376583e-17 6.296113316521294447e-18
2.044380952380944655e+04 8.458699944489443976e-17 6.379526934575508575e-18
2.045390476190468326e+04 7.104347169299738457e-17 6.991823727081324651e-18
2.046399999999992360e+04 6.770806624292376765e-17 6.839310107862383702e-18
2.047409523809516395e+04 8.671453347915018454e-17 6.564955600969509198e-18
2.048419047619039702e+04 9.043622270162689251e-17 6.526806095078640008e-18
2.049428571428563373e+04 8.227898355577184573e-17 6.878999410806627855e-18
2.050438095238087408e+04 1.046163982136146754e-16 8.140369994656468315e-18
2.051447619047611443e+04 1.095797413423211510e-16 7.163731981673267845e-18
2.052457142857135113e+04 1.251537305405410176e-16 7.354527090254042581e-18
2.053466666666658784e+04 1.350419839156787210e-16 6.957506347174740328e-18
2.054476190476182819e+04 1.132853339474531565e-16 6.717880964075840144e-18
2.055485714285706490e+04 1.400959582278053261e-16 9.274462905535327733e-18
2.056495238095230161e+04 1.285173464073220870e-16 7.262749046788614325e-18
2.057504761904753832e+04 1.320947868399146655e-16 7.067501521701166363e-18
2.058514285714277867e+04 1.405828737651979811e-16 7.030958494296922409e-18
2.059523809523801901e+04 1.279057031066550163e-16 6.680075949795048259e-18
2.060533333333325572e+04 1.500378283329638407e-16 7.475180504556772963e-18
2.061542857142848879e+04 1.411797769675436879e-16 7.335165547701417423e-18
2.062552380952372914e+04 1.428871953045792722e-16 7.109570335732163440e-18
2.063561904761896949e+04 1.407361533711109922e-16 7.120293960041352872e-18
2.064571428571420620e+04 1.319597878239290831e-16 7.624678231613217101e-18
2.065580952380944291e+04 1.232096698376674087e-16 7.711709092972693996e-18
2.066590476190468326e+04 1.338323450647051760e-16 7.291159662265946345e-18
2.067599999999992360e+04 1.365336741849842151e-16 6.848375281017699410e-18
2.068609523809515667e+04 1.395988604624666228e-16 7.477866082541624706e-18
2.069619047619039338e+04 1.488768910521107739e-16 8.650126324357013382e-18
2.070628571428563373e+04 1.357224236410154117e-16 7.070083392731869890e-18
2.071638095238087408e+04 1.375642863839610588e-16 7.574413658413915421e-18
2.072647619047611079e+04 1.431917296328814647e-16 6.660408509517238683e-18
2.073657142857134386e+04 1.401291274965338245e-16 7.000036742782338611e-18
2.074666666666658421e+04 1.505742013810404777e-16 8.214984315683762359e-18
2.075676190476182455e+04 1.369000676234297414e-16 7.176054976666376022e-18
2.076685714285706126e+04 1.370676080790835261e-16 7.982350928291390496e-18
2.077695238095229797e+04 1.518211296737351301e-16 8.992255256953511699e-18
2.078704761904753832e+04 1.464609577473867973e-16 7.650326442979722646e-18
2.079714285714277867e+04 1.480336195029805783e-16 6.932923865768587912e-18
2.080723809523801174e+04 1.524207170648508536e-16 7.112671556670722762e-18
2.081733333333324845e+04 1.445036771932597296e-16 6.775181504832191885e-18
2.082742857142848879e+04 1.438924091812110355e-16 6.867219909593397339e-18
2.083752380952372914e+04 1.381602084111670318e-16 7.434891394552846398e-18
2.084761904761896585e+04 1.528811673596301577e-16 6.861957455288504147e-18
2.085771428571419892e+04 1.356212362235871345e-16 6.426256931132416437e-18
2.086780952380943927e+04 1.484730162849280727e-16 6.745844749788067655e-18
2.087790476190467962e+04 1.430015279492107067e-16 7.373661751886222753e-18
2.088799999999991633e+04 1.488964613300846018e-16 8.102281995017355715e-18
2.089809523809515304e+04 1.478328067380908140e-16 6.766185019372134156e-18
2.090819047619039338e+04 1.393182259626847914e-16 6.522451231163983821e-18
2.091828571428563373e+04 1.434517042255290838e-16 6.489633917981982316e-18
2.092838095238086680e+04 1.442107456303626461e-16 6.428258139709281226e-18
2.093847619047610351e+04 1.423453302970545357e-16 7.520804367967847426e-18
2.094857142857134386e+04 1.333372404516534043e-16 6.319993676675857883e-18
2.095866666666658421e+04 1.437792834123590741e-16 6.728008500020698002e-18
2.096876190476182092e+04 1.373798751553180581e-16 6.435342854999013780e-18
2.097885714285705399e+04 1.432021556198979151e-16 6.398700086557787950e-18
2.098895238095229433e+04 1.469456164625832741e-16 6.326078030253507260e-18
2.099904761904753468e+04 1.495202907280615799e-16 6.706698692609806911e-18
2.100914285714277139e+04 1.521071838310673992e-16 6.785691166440010369e-18
2.101923809523800810e+04 1.378480385243975348e-16 6.715977184044611852e-18
2.102933333333324845e+04 1.320014984031440245e-16 6.960994844941934488e-18
2.103942857142848879e+04 1.302816900511434897e-16 6.729283252954622456e-18
2.104952380952372187e+04 1.249448388861364444e-16 6.902415110169270236e-18
2.105961904761895858e+04 1.456247070116440240e-16 6.735974650948967497e-18
2.106971428571419892e+04 1.444288326433138893e-16 6.867229004027625301e-18
2.107980952380943927e+04 1.347633067709592710e-16 7.546223193694882409e-18
2.108990476190467598e+04 1.473351067127011008e-16 7.430367654946404085e-18
2.109999999999990905e+04 1.408421706242493649e-16 7.329835643688007598e-18
2.111009523809514940e+04 1.469225180546588205e-16 6.628375197190595957e-18
2.112019047619038975e+04 1.476577010139840456e-16 7.197336392465298764e-18
2.113028571428562645e+04 1.468947361635556525e-16 7.350957223432788746e-18
2.114038095238086316e+04 1.369351462772624647e-16 6.339414311754567650e-18
2.115047619047610351e+04 1.418623845251345691e-16 6.347826153365767207e-18
2.116057142857134386e+04 1.506513472823337485e-16 6.467689284479584946e-18
2.117066666666657693e+04 1.377537198302210264e-16 6.392144259665396166e-18
2.118076190476181364e+04 1.459556515474095131e-16 6.328958406946789826e-18
2.119085714285705399e+04 1.543702622106551965e-16 6.317021710240546162e-18
2.120095238095229433e+04 1.388534161687882039e-16 6.251254447901812244e-18
2.121104761904753104e+04 1.534205621562651595e-16 7.414129568785298189e-18
2.122114285714276411e+04 1.461222160221601740e-16 7.502095513254676096e-18
2.123123809523800446e+04 1.483176317631516963e-16 6.625251191029179137e-18
2.124133333333324481e+04 1.449675611416438530e-16 6.827570741611554162e-18
2.125142857142848152e+04 1.439803680889927718e-16 6.540488306918908863e-18
2.126152380952371823e+04 1.502218915705255337e-16 7.197682356427104079e-18
2.127161904761895858e+04 1.492201042635334787e-16 6.906550455003326391e-18
2.128171428571419892e+04 1.534455201168929175e-16 6.571612279148634954e-18
2.129180952380943199e+04 1.463845798177723301e-16 6.684072306402882764e-18
2.130190476190466870e+04 1.419368443511638737e-16 6.381563461148259245e-18
2.131199999999990905e+04 1.355127394557006746e-16 6.382542469543839773e-18
2.132209523809514940e+04 1.468037529987969761e-16 7.116189293598837094e-18
2.133219047619038611e+04 1.284539468503689533e-16 7.116375612782986552e-18
2.134228571428561918e+04 1.340459012870888894e-16 6.668992952146159112e-18
2.135238095238085953e+04 1.360943062563425623e-16 6.673521247623552663e-18
2.136247619047609987e+04 1.474279650787253187e-16 6.693322027244346447e-18
2.137257142857133658e+04 1.458571952179022947e-16 6.892351812442829290e-18
2.138266666666657329e+04 1.380747473049404608e-16 6.499337557608857099e-18
2.139276190476181364e+04 1.343343787850118963e-16 6.447404093535673988e-18
2.140285714285705399e+04 1.504605984905990402e-16 6.903954375786862696e-18
2.141295238095228706e+04 1.507278220624937320e-16 7.047206162437657651e-18
2.142304761904752377e+04 1.454132051424039577e-16 6.950338175972805120e-18
2.143314285714276411e+04 1.460461546405335427e-16 7.005255487587962526e-18
2.144323809523800446e+04 1.267703349450962433e-16 6.490643854982353233e-18
2.145333333333324117e+04 1.392469605808806855e-16 7.436409155375956150e-18
2.146342857142847788e+04 1.313290266207949068e-16 6.689528759119936897e-18
2.147352380952371459e+04 1.365152682743891649e-16 6.367220820870765088e-18
2.148361904761895494e+04 1.463710154572919084e-16 6.445173744475765297e-18
2.149371428571419165e+04 1.350833967923925792e-16 6.842056047835077651e-18
2.150380952380942836e+04 1.558423089350043867e-16 6.253334336137799467e-18
2.151390476190466870e+04 1.569486835577439790e-16 7.779129447022570574e-18
2.152399999999990905e+04 1.487861211191663155e-16 7.024751751021825856e-18
2.153409523809514212e+04 1.392493572365713757e-16 6.500738901621875879e-18
2.154419047619037883e+04 1.457445146935340250e-16 6.645009247928032366e-18
2.155428571428561918e+04 1.617904428330660044e-16 6.768182075770115614e-18
2.156438095238085953e+04 1.433272141425335258e-16 6.269326337977368216e-18
2.157447619047609624e+04 1.490580434657153680e-16 6.379458553900489122e-18
2.158457142857133294e+04 1.431871792731793372e-16 6.468921174982704779e-18
2.159466666666657329e+04 1.362974716605317720e-16 7.056467577764267765e-18
2.160476190476181000e+04 1.319795093258875577e-16 7.240452827682270740e-18
2.161485714285704671e+04 1.301216695766296943e-16 6.844607905925614276e-18
2.162495238095228342e+04 1.347521437295932571e-16 7.322425330323089286e-18
2.163504761904752377e+04 1.487489924844620387e-16 8.200633706362144697e-18
2.164514285714276411e+04 1.430872475394698434e-16 8.180206442582700187e-18
2.165523809523800082e+04 1.422956456013307314e-16 6.477047924737591307e-18
2.166533333333323390e+04 1.413954583391410203e-16 7.166566501653656073e-18
2.167542857142847424e+04 1.378775165192377217e-16 6.252525309160621324e-18
2.168552380952371459e+04 1.326352030252766147e-16 6.354296154445310965e-18
2.169561904761895130e+04 1.387031738440678282e-16 6.742898240326279073e-18
2.170571428571418801e+04 1.399725013155705403e-16 7.882431856702893019e-18
2.171580952380942836e+04 1.438837373018892446e-16 6.592173731950667940e-18
2.172590476190466507e+04 1.404226959151296104e-16 6.526641946362028973e-18
2.173599999999990177e+04 1.452797270581053307e-16 6.435161843279536474e-18
2.174609523809513848e+04 1.414127726723844814e-16 6.275645878726310528e-18
2.175619047619037883e+04 1.437864921408140342e-16 6.484343226824090436e-18
2.176628571428561918e+04 1.557735083810505181e-16 7.056213372255430110e-18
2.177638095238085589e+04 1.473192082286227867e-16 6.261151953617354393e-18
2.178647619047608896e+04 1.482150500846304763e-16 6.514202602299340349e-18
2.179657142857132931e+04 1.201663797384617696e-16 7.164239943293092535e-18
2.180666666666656965e+04 1.391862252526853258e-16 6.314818535278630746e-18
2.181676190476180636e+04 1.237371413392723437e-16 6.092255251446077002e-18
2.182685714285704307e+04 1.515513969572242908e-16 6.262772315538573610e-18
2.183695238095228342e+04 1.422597281787542570e-16 6.519827480134871004e-18
2.184704761904752377e+04 1.471562385948571621e-16 7.548158188930575290e-18
2.185714285714275684e+04 1.483847298906517927e-16 6.688318511259382711e-18
2.186723809523799355e+04 1.403425951162823177e-16 6.726823359951696547e-18
2.187733333333323390e+04 1.335199679561563081e-16 6.597050146361438897e-18
2.188742857142847424e+04 1.421280042451699068e-16 7.225862683037724150e-18
2.189752380952371095e+04 1.550841334268739379e-16 7.194024808579458300e-18
2.190761904761894402e+04 1.317090278098237913e-16 6.361129980818005829e-18
2.191771428571418437e+04 1.478415102363529099e-16 6.408161070031138503e-18
2.192780952380942472e+04 1.533476342751804489e-16 6.467050540804111069e-18
2.193790476190466143e+04 1.400246358418372381e-16 6.055225851176712115e-18
2.194799999999989814e+04 1.463737241457477222e-16 6.167766668509945966e-18
2.195809523809513848e+04 1.475278268828710075e-16 6.841659430484263639e-18
2.196819047619037883e+04 1.376511808646293069e-16 5.947793945091451370e-18
2.197828571428561190e+04 1.369114013065930877e-16 6.391121234120878492e-18
2.198838095238084861e+04 1.312085359080278445e-16 6.969076197583402791e-18
2.199847619047608896e+04 1.315651194919583196e-16 5.989560732319380310e-18
2.200857142857132931e+04 1.278131283887187191e-16 5.810359657559284166e-18
2.201866666666656602e+04 1.316156781309128784e-16 5.919208524067991134e-18
2.202876190476179909e+04 1.303810787499530268e-16 6.706877518818897354e-18
2.203885714285703943e+04 1.379546209311819238e-16 7.010736957221482535e-18
2.204895238095227978e+04 1.439558687702077130e-16 6.146271642388577027e-18
2.205904761904751649e+04 1.388144537799041325e-16 6.618796522685781452e-18
2.206914285714275320e+04 1.453068714769052241e-16 6.050673341089802675e-18
2.207923809523799355e+04 1.303754920814043797e-16 7.132614648973338924e-18
2.208933333333323390e+04 1.406213237596158827e-16 6.899202197224469258e-18
2.209942857142846697e+04 1.452946549927701788e-16 6.066756658122659851e-18
2.210952380952370368e+04 1.406157673285501325e-16 5.837327651634935064e-18
2.211961904761894402e+04 1.470795256605258601e-16 6.227138000910036286e-18
2.212971428571418437e+04 1.380613781303312871e-16 6.464849858839421481e-18
2.213980952380942108e+04 1.421607646354530894e-16 5.807338364475682102e-18
2.214990476190465415e+04 1.490057447234094478e-16 6.032123600924834032e-18
2.215999999999989450e+04 1.323707808586563124e-16 6.053254139145998043e-18
2.217009523809513485e+04 1.304652011564752436e-16 7.308910271745201679e-18
2.218019047619037156e+04 1.352411275771244889e-16 6.870643951474572217e-18
2.219028571428560826e+04 1.469166582530846475e-16 6.468351214475602516e-18
2.220038095238084861e+04 1.411142491473501635e-16 6.425024461357102823e-18
2.221047619047608896e+04 1.362214374844045505e-16 6.644987811534684200e-18
2.222057142857132203e+04 1.425086664968390303e-16 7.183461082037350366e-18
2.223066666666655874e+04 1.334667280721729186e-16 6.906732014771724921e-18
2.224076190476179909e+04 1.364501077008857063e-16 6.369350922949387181e-18
2.225085714285703943e+04 1.449929860287951635e-16 6.015864874234985671e-18
2.226095238095227614e+04 1.400527405256790865e-16 6.243091075513174059e-18
2.227104761904750922e+04 1.458121280637875819e-16 7.245264678689401752e-18
2.228114285714274956e+04 1.450822642484318720e-16 6.702183166502724500e-18
2.229123809523798991e+04 1.466852693854212342e-16 6.212542168286432903e-18
2.230133333333322662e+04 1.406268600962868610e-16 6.065740231127441931e-18
2.231142857142846333e+04 1.434642528380083514e-16 5.923749767477676632e-18
2.232152380952370368e+04 1.438656106395421925e-16 6.316964618998961864e-18
2.233161904761894402e+04 1.283948640192339017e-16 6.208751824610838533e-18
2.234171428571417709e+04 1.390271153939626480e-16 6.141579782593448444e-18
2.235180952380941380e+04 1.391978596304111861e-16 6.721097530224299696e-18
2.236190476190465415e+04 1.444622964301595509e-16 7.007925945999206886e-18
2.237199999999989450e+04 1.387751471877034965e-16 6.961084770849941943e-18
2.238209523809513121e+04 1.443000013418455445e-16 6.308953082972484695e-18
2.239219047619036428e+04 1.431820971651393516e-16 6.614318720319670830e-18
2.240228571428560463e+04 1.448376635199620507e-16 5.982579624252489750e-18
2.241238095238084497e+04 1.475184825084393632e-16 6.500487668105236751e-18
2.242247619047608168e+04 1.418399228860221494e-16 6.265863695959490723e-18
2.243257142857131839e+04 1.428794135686530545e-16 6.380571988069707130e-18
2.244266666666655874e+04 1.448274379075920757e-16 6.359659835280769729e-18
2.245276190476179909e+04 1.372345122821561986e-16 6.036653624309372424e-18
2.246285714285703216e+04 1.428490477776739040e-16 6.050546777332777920e-18
2.247295238095226887e+04 1.550884399406759161e-16 6.934899234095130446e-18
2.248304761904750922e+04 1.396299421677265343e-16 6.046612750096340590e-18
2.249314285714274956e+04 1.492694870092031387e-16 6.392486231945116137e-18
2.250323809523798627e+04 1.421885624471515077e-16 5.944571599330020986e-18
2.251333333333322298e+04 1.303909241612160973e-16 5.980368217711191937e-18
2.252342857142845969e+04 1.343798341278391614e-16 6.074935330317336941e-18
2.253352380952370004e+04 1.492950055150753066e-16 6.468546783235973921e-18
2.254361904761893675e+04 1.418305777324676933e-16 6.353184003820807286e-18
2.255371428571417346e+04 1.337215634755684020e-16 6.695073577699400036e-18
2.256380952380941380e+04 1.328968940024154893e-16 7.017253866055514878e-18
2.257390476190465415e+04 1.346604589796426054e-16 6.221716810900618570e-18
2.258399999999988722e+04 1.344100419476128381e-16 5.900382703048973536e-18
2.259409523809512393e+04 1.568585340537673261e-16 6.438262302771630828e-18
2.260419047619036428e+04 1.354291018962763208e-16 6.863784752588616781e-18
2.261428571428560463e+04 1.419018607662659654e-16 6.379845179852106702e-18
2.262438095238084134e+04 1.374139586638204472e-16 6.251552139644838695e-18
2.263447619047607805e+04 1.379554327583615719e-16 6.061111051770239588e-18
2.264457142857131475e+04 1.430740388546247860e-16 6.077379400364405279e-18
2.265466666666655510e+04 1.398548149043879041e-16 5.962178699536988242e-18
2.266476190476179181e+04 1.345860505611148934e-16 7.102515513067166483e-18
2.267485714285702852e+04 1.425831382630159422e-16 6.089103545500072637e-18
2.268495238095226887e+04 1.380671617418945493e-16 6.198839008636140201e-18
2.269504761904750922e+04 1.371173481689551637e-16 6.023713855124815632e-18
2.270514285714274592e+04 1.404616799211749100e-16 5.820981717737054346e-18
2.271523809523797900e+04 1.350932431407557709e-16 5.756809555977512871e-18
2.272533333333321934e+04 1.348220683146873851e-16 5.635654591203351459e-18
2.273542857142845969e+04 1.448531302988929929e-16 5.846791213880364488e-18
2.274552380952369640e+04 1.351761989708234702e-16 6.733737648544573077e-18
2.275561904761893311e+04 1.386447233106422998e-16 6.156170827055446789e-18
2.276571428571417346e+04 1.258875744197209225e-16 5.843466348361474357e-18
2.277580952380941017e+04 1.324909068575992999e-16 5.823183230097382218e-18
2.278590476190464688e+04 1.321743885588055915e-16 6.220340699312954024e-18
2.279599999999988358e+04 1.324523909888256828e-16 6.586698517500723309e-18
2.280609523809512393e+04 1.329135846749196355e-16 5.730843997605111949e-18
2.281619047619036428e+04 1.253638628726802998e-16 5.740196678954822622e-18
2.282628571428560099e+04 1.275464192326850806e-16 5.726220885847730331e-18
2.283638095238083406e+04 1.208756903578969146e-16 5.759268366526632857e-18
2.284647619047607441e+04 1.165404367113490664e-16 5.982764518858252892e-18
2.285657142857131475e+04 1.311374499613746215e-16 6.387318517812389991e-18
2.286666666666655146e+04 1.029709195655793352e-16 6.043326677091305461e-18
2.287676190476178817e+04 9.934475479658180984e-17 5.334165720902561076e-18
2.288685714285702852e+04 9.666702779590279173e-17 5.092161369739497936e-18
2.289695238095226887e+04 7.682157737589397011e-17 5.131052233266238935e-18
2.290704761904750194e+04 7.610113152859126998e-17 5.182695385152917102e-18
2.291714285714273865e+04 7.453288140711477552e-17 5.050459397839582225e-18
2.292723809523797900e+04 8.300020723215371058e-17 5.407610077638759060e-18
2.293733333333321934e+04 1.011686409203178066e-16 5.618035490088543663e-18
2.294742857142845605e+04 9.503141846474465883e-17 5.185838677737871011e-18
2.295752380952368912e+04 9.754960064857393761e-17 5.458265487895622322e-18
2.296761904761892947e+04 1.083154147829198412e-16 5.624148742980317838e-18
2.297771428571416982e+04 1.113865159251016533e-16 5.518610487258280455e-18
2.298780952380940653e+04 1.135157320857062002e-16 5.760529230581515764e-18
2.299790476190464324e+04 1.157919959889943152e-16 6.593525455667476479e-18
2.300799999999988358e+04 1.112930900274484307e-16 5.511476179167961252e-18
2.301809523809512393e+04 1.233768625800720374e-16 5.514905259609820309e-18
2.302819047619035700e+04 1.270591545718747758e-16 5.507493938900517324e-18
2.303828571428559371e+04 1.260216600758599674e-16 7.120547064957426342e-18
2.304838095238083406e+04 1.234256597983088591e-16 7.938995950113673108e-18
2.305847619047607441e+04 1.379114508977997286e-16 6.588072139046083216e-18
2.306857142857131112e+04 1.160985119957540201e-16 5.288110562040797007e-18
2.307866666666654419e+04 1.250676082742866910e-16 5.460777484123491409e-18
2.308876190476178454e+04 1.274542929907018507e-16 5.505056245988939145e-18
2.309885714285702488e+04 1.258880864644401126e-16 5.624102544376708781e-18
2.310895238095226159e+04 1.275716188335818833e-16 5.575666307363696502e-18
2.311904761904749830e+04 1.337810334545264413e-16 5.301169799441669737e-18
2.312914285714273865e+04 1.326484337293898077e-16 5.832669280144953400e-18
2.313923809523797900e+04 1.344142498703629602e-16 6.472652860065111944e-18
2.314933333333321207e+04 1.182658952119136736e-16 5.717694636526063383e-18
2.315942857142844878e+04 1.291243380493379580e-16 5.429187116095979721e-18
2.316952380952368912e+04 1.386634419695104082e-16 5.700104611431632935e-18
2.317961904761892947e+04 1.313388334335570940e-16 5.907067750090773597e-18
2.318971428571416618e+04 1.402722942135734608e-16 6.166557900110919749e-18
2.319980952380939925e+04 1.304617517366769469e-16 5.912223191149612750e-18
2.320990476190463960e+04 1.297503025452285096e-16 5.334055898502447206e-18
2.321999999999987995e+04 1.312579366854082157e-16 5.677490962370504158e-18
2.323009523809511666e+04 1.245842241125542585e-16 6.146460104448303737e-18
2.324019047619035337e+04 1.351929423930905099e-16 6.317672893961565167e-18
2.325028571428559371e+04 1.367690071302612221e-16 5.501827576451397611e-18
2.326038095238083406e+04 1.216893133519507334e-16 5.407570578780337881e-18
2.327047619047606713e+04 1.422700437946892261e-16 5.702236812972995507e-18
2.328057142857130384e+04 1.317379501243374418e-16 5.837926724924459143e-18
2.329066666666654419e+04 1.355332757157932628e-16 6.056816296044960707e-18
2.330076190476178454e+04 1.425179954220226009e-16 5.961837050103205950e-18
2.331085714285702124e+04 1.471966830808375069e-16 6.167949320483110616e-18
2.332095238095225432e+04 1.325382216886171945e-16 6.223501441891058279e-18
2.333104761904749466e+04 1.288309566737520825e-16 6.406402866958397383e-18
2.334114285714273501e+04 1.384789359875584785e-16 5.820865470198699553e-18
2.335123809523797172e+04 1.287965679334754379e-16 5.768563973855996469e-18
2.336133333333320843e+04 1.299969547663888005e-16 5.846195711294637425e-18
2.337142857142844878e+04 1.316714861828083596e-16 6.179088928482541035e-18
2.338152380952368912e+04 1.292859443709022788e-16 6.431431167110284071e-18
2.339161904761892220e+04 1.368744644274545696e-16 5.908022753740531644e-18
2.340171428571415890e+04 1.373243815928920061e-16 5.960238083128726227e-18
2.341180952380939925e+04 1.413914454522465635e-16 6.122231975841409257e-18
2.342190476190463960e+04 1.321908425667302424e-16 6.795456069966806652e-18
2.343199999999987631e+04 1.351170442820579654e-16 6.366262858892502624e-18
2.344209523809510938e+04 1.228377422191137265e-16 5.947963058241994110e-18
2.345219047619034973e+04 1.283822406176777373e-16 6.219327796545654991e-18
2.346228571428559007e+04 1.349801113448106343e-16 5.595934876276569667e-18
2.347238095238082678e+04 1.323624176956955634e-16 5.317990730444261442e-18
2.348247619047606349e+04 1.224049130238392681e-16 5.646641547724511111e-18
2.349257142857130384e+04 1.402184063264624925e-16 5.806112376074365563e-18
2.350266666666654419e+04 1.233282988130194451e-16 5.756006263630443762e-18
2.351276190476177726e+04 1.358558317876177186e-16 6.713076521228831713e-18
2.352285714285701397e+04 1.307652318817363283e-16 6.523734182006228951e-18
2.353295238095225432e+04 1.349083647093487410e-16 6.099289442911650159e-18
2.354304761904749466e+04 1.256824099169558858e-16 6.226625377361365172e-18
2.355314285714273137e+04 1.219475475465613438e-16 6.125312913977654823e-18
2.356323809523796444e+04 1.222660315157050299e-16 6.929362015926639021e-18
2.357333333333320479e+04 1.095357750871287477e-16 5.957234078552966785e-18
2.358342857142844514e+04 9.007740383898206841e-17 6.421713571226467452e-18
2.359352380952368185e+04 8.300593827049173291e-17 6.104565427355308149e-18
2.360361904761891856e+04 1.015811513035043856e-16 5.764199831281087872e-18
2.361371428571415890e+04 1.204100902590936993e-16 5.797102752783215632e-18
2.362380952380939925e+04 1.309045151886267918e-16 6.581086251321445775e-18
2.363390476190463232e+04 1.185615954172778430e-16 5.612712821468776297e-18
2.364399999999986903e+04 1.329008727735688177e-16 5.622128439454480509e-18
2.365409523809510938e+04 1.284541238718651740e-16 5.711291812579338341e-18
2.366419047619034973e+04 1.372909059230380033e-16 5.585614879553544748e-18
2.367428571428558644e+04 1.201004760932321199e-16 6.048100739719679684e-18
2.368438095238082315e+04 1.221706479741980981e-16 5.681443834642590627e-18
2.369447619047605986e+04 1.236379362243998615e-16 5.814377772688313062e-18
2.370457142857130020e+04 1.350282342627939232e-16 6.394490045557525026e-18
2.371466666666653691e+04 1.220599170251144820e-16 5.955433601760548948e-18
2.372476190476177362e+04 1.297723867704202667e-16 5.593710271900799167e-18
2.373485714285701397e+04 1.317878101493069074e-16 5.635368948578703354e-18
2.374495238095225432e+04 1.396842022120719734e-16 5.940275781108714950e-18
2.375504761904748739e+04 1.324752672512114874e-16 6.191217487958987154e-18
2.376514285714272410e+04 1.270803999087145574e-16 5.915537879921624255e-18
2.377523809523796444e+04 1.293034839907825987e-16 5.749309824137198101e-18
2.378533333333320479e+04 1.322651478236303724e-16 5.895981517922688500e-18
2.379542857142844150e+04 1.295657471399656377e-16 5.683543891177809791e-18
2.380552380952367821e+04 1.304756110345251370e-16 5.975613961338055020e-18
2.381561904761891856e+04 1.381717709055178893e-16 6.608559196957768387e-18
2.382571428571415527e+04 1.253803505938364336e-16 5.728409534783515321e-18
2.383580952380939198e+04 1.334228199640045645e-16 5.512692123668977623e-18
2.384590476190462869e+04 1.228216664180636483e-16 5.605760373864961415e-18
2.385599999999986903e+04 1.328102265863437559e-16 6.007564953272392478e-18
2.386609523809510938e+04 1.328819713818780109e-16 5.482795684067178076e-18
2.387619047619034609e+04 1.296127462614921487e-16 5.668799771142345048e-18
2.388628571428557916e+04 1.243049913846482096e-16 5.622709150569995357e-18
2.389638095238081951e+04 1.158569145323407349e-16 6.288246284990374129e-18
2.390647619047605986e+04 1.260477337516348264e-16 5.482142321557904042e-18
2.391657142857129656e+04 1.360877044572629109e-16 5.863448976162038517e-18
2.392666666666653327e+04 1.191698370396774026e-16 5.973849685007362909e-18
2.393676190476177362e+04 1.312972991520667759e-16 5.656776554578433083e-18
2.394685714285701033e+04 1.223680694034811150e-16 6.208781283883194382e-18
2.395695238095224704e+04 1.246836125733370230e-16 5.690094029058300908e-18
2.396704761904748375e+04 1.279953084657446627e-16 5.320136362267928727e-18
2.397714285714272410e+04 1.149622675297690560e-16 5.851244101035135575e-18
2.398723809523796444e+04 1.202919219240697391e-16 5.907131507449054036e-18
2.399733333333320115e+04 1.257922100372477098e-16 5.562225449134415449e-18
2.400742857142843422e+04 1.238608829616434172e-16 6.493324178185576081e-18
2.401752380952367457e+04 1.217469076330689978e-16 5.314594238709873889e-18
2.402761904761891492e+04 1.283238447819463527e-16 5.212465166554888379e-18
2.403771428571415163e+04 1.264491166106902308e-16 5.404195216523625639e-18
2.404780952380938834e+04 1.238463168704921563e-16 5.386321053887328929e-18
2.405790476190462869e+04 1.205406821894544845e-16 5.492106207699791317e-18
2.406799999999986903e+04 1.200667416948785430e-16 5.451350590194249462e-18
2.407809523809510210e+04 1.253307127543434752e-16 5.659529577161179951e-18
2.408819047619033881e+04 1.276454687037797431e-16 6.314159494240204910e-18
2.409828571428557916e+04 1.226221428623317442e-16 5.426484692171051916e-18
2.410838095238081951e+04 1.197995947492096483e-16 5.333870902161212000e-18
2.411847619047605622e+04 1.211537621872560147e-16 5.408171038334861845e-18
2.412857142857128929e+04 1.244928080325396000e-16 5.351679869991054688e-18
2.413866666666652964e+04 1.261351937203023374e-16 5.574096933051656223e-18
2.414876190476176998e+04 1.258179794214143425e-16 5.806359499900531018e-18
2.415885714285700669e+04 1.276699864259995906e-16 5.528740574439206840e-18
2.416895238095224340e+04 1.255089150028140546e-16 5.224126109828891648e-18
2.417904761904748375e+04 1.239450364402513879e-16 5.243805044498044026e-18
2.418914285714272410e+04 1.206965491833630547e-16 5.852876615570874180e-18
2.419923809523795717e+04 1.312980725736136752e-16 6.021086034023976222e-18
2.420933333333319388e+04 1.332399532461108124e-16 5.479061053726869707e-18
2.421942857142843422e+04 1.233896028459608091e-16 5.417885210912839010e-18
2.422952380952367457e+04 1.306385391029879216e-16 5.258747150765911145e-18
2.423961904761891128e+04 1.179771236100571565e-16 5.223459082569780483e-18
2.424971428571414435e+04 1.210011359897763444e-16 5.210787343639898442e-18
2.425980952380938470e+04 1.236414058826872738e-16 5.723263032616478494e-18
2.426990476190462505e+04 1.254258569937069069e-16 6.109705025515446164e-18
2.427999999999986176e+04 1.205008595093287917e-16 6.233725140883432818e-18
2.429009523809509847e+04 1.185353680998710529e-16 5.473532392813345506e-18
2.430019047619033881e+04 1.237594270747893959e-16 5.708862517179675977e-18
2.431028571428557916e+04 1.270774848455247352e-16 5.455282289789349388e-18
2.432038095238081223e+04 1.277772368058314256e-16 5.728769531941093761e-18
2.433047619047604894e+04 1.213623298144354737e-16 5.759101832278930386e-18
2.434057142857128929e+04 1.207183011278662152e-16 6.235616964645014865e-18
2.435066666666652964e+04 1.156502364365452146e-16 5.924728595935088474e-18
2.436076190476176635e+04 1.109876459125340534e-16 5.158944504272444652e-18
2.437085714285699942e+04 1.196640068494094994e-16 5.233980726244318002e-18
2.438095238095223976e+04 1.146010221188286887e-16 6.560970883481285634e-18
2.439104761904748011e+04 1.193021196813961630e-16 5.880175778504264313e-18
2.440114285714271682e+04 1.188802935741815582e-16 5.237815765327926752e-18
2.441123809523795353e+04 1.265543028207098922e-16 5.602443859264098770e-18
2.442133333333319388e+04 1.206450293409708142e-16 5.337663577048897239e-18
2.443142857142843422e+04 1.182138025252638944e-16 5.143194361215251911e-18
2.444152380952366730e+04 1.133723907395083814e-16 5.321636267316309497e-18
2.445161904761890401e+04 1.249321716266112870e-16 5.474883970374610039e-18
2.446171428571414435e+04 1.113869965202879247e-16 5.577176699145881503e-18
2.447180952380938470e+04 1.250974096656505985e-16 6.183625723960992778e-18
2.448190476190462141e+04 1.228262869684077813e-16 6.135036025063490935e-18
2.449199999999985448e+04 1.278251940671792280e-16 5.426969842763058481e-18
2.450209523809509483e+04 1.153233114002084237e-16 5.262161896816942440e-18
2.451219047619033518e+04 1.206790751685279441e-16 5.313297658901355061e-18
2.452228571428557188e+04 1.288167537138344830e-16 6.013599060079961452e-18
2.453238095238080859e+04 1.283398245341592825e-16 5.910411317280328106e-18
2.454247619047604894e+04 1.243565252414530892e-16 5.544651904178860601e-18
2.455257142857128929e+04 1.270432706636525251e-16 5.678715790883506896e-18
2.456266666666652236e+04 1.223235525891715154e-16 5.306313042512787927e-18
2.457276190476175907e+04 1.222164352195852439e-16 5.334672864532344804e-18
2.458285714285699942e+04 1.328769097334914940e-16 5.996256025021933869e-18
2.459295238095223976e+04 1.234432176151711310e-16 5.759133020670371799e-18
2.460304761904747647e+04 1.274329968185369698e-16 5.588595131972977982e-18
2.461314285714270954e+04 1.241216886454337753e-16 5.501990478464189437e-18
2.462323809523794989e+04 1.187389194020618536e-16 5.972947905532531175e-18
2.463333333333319024e+04 1.292868375177690958e-16 5.345849565816450465e-18
2.464342857142842695e+04 1.217727846371862505e-16 5.322564519889765024e-18
2.465352380952366366e+04 1.265537130843549057e-16 5.504084505378868601e-18
2.466361904761890401e+04 1.311834446080837848e-16 6.039147079826907942e-18
2.467371428571414435e+04 1.136826267576012524e-16 5.697227916711443370e-18
2.468380952380937742e+04 1.266141508489665030e-16 5.512737516797162229e-18
2.469390476190461413e+04 1.393457465811159715e-16 5.663302280627066849e-18
2.470399999999985448e+04 1.261275319395038409e-16 5.974618762358467759e-18
2.471409523809509483e+04 1.240439382138816198e-16 8.679374480364837170e-18
2.472419047619033154e+04 1.318049129744510927e-16 7.757546621907812679e-18
2.473428571428556825e+04 1.410398261770071460e-16 7.176961777101166382e-18
2.474438095238080496e+04 1.277979959832826193e-16 5.582238560165257907e-18
2.475447619047604530e+04 1.234546681781433277e-16 5.262343093078611016e-18
2.476457142857128201e+04 1.337401208168533711e-16 5.708772432557564446e-18
2.477466666666651872e+04 1.267540695094016055e-16 6.336764420687871100e-18
2.478476190476175907e+04 1.157813324464385007e-16 5.661195361551792136e-18
2.479485714285699942e+04 1.255776657754477679e-16 6.033260703926359652e-18
2.480495238095223249e+04 1.229472223960447118e-16 5.576289301765751702e-18
2.481504761904746920e+04 1.236126450065195341e-16 5.685014345888056553e-18
2.482514285714270954e+04 1.153621650611642511e-16 5.592168483963757565e-18
2.483523809523794989e+04 1.144055522159084899e-16 5.370167135493097465e-18
2.484533333333318660e+04 1.174521099158609638e-16 6.087644559560252226e-18
2.485542857142842331e+04 1.159139402469209572e-16 6.270229349117382862e-18
2.486552380952366366e+04 1.204461267619209771e-16 5.769585022754914011e-18
2.487561904761890037e+04 1.184087334892319860e-16 5.467715720174710891e-18
2.488571428571413708e+04 1.249796889909347046e-16 5.397678821920029025e-18
2.489580952380937379e+04 1.202756155520141252e-16 5.485493473796963427e-18
2.490590476190461413e+04 1.247889467490146188e-16 5.997544623812172534e-18
2.491599999999985448e+04 1.315858781559501806e-16 5.455636410903874964e-18
2.492609523809509119e+04 1.234658870662246547e-16 5.529685214310169084e-18
2.493619047619032426e+04 1.297799929110035692e-16 5.539385953462065968e-18
2.494628571428556461e+04 1.262969694662375614e-16 5.476288033255582757e-18
2.495638095238080496e+04 1.217671636913528238e-16 5.513868291063413404e-18
2.496647619047604167e+04 1.286387588146134840e-16 6.575799530978304617e-18
2.497657142857127837e+04 1.326153757489748829e-16 5.694366577008297746e-18
2.498666666666651872e+04 1.207073816764143706e-16 5.258853004547256593e-18
2.499676190476175543e+04 1.252793465342051920e-16 5.959890507115785153e-18
2.500685714285699214e+04 1.199317318625944889e-16 5.621983745201773239e-18
2.501695238095222885e+04 1.232496880183283676e-16 5.396095255587428351e-18
2.502704761904746920e+04 1.256350936807794299e-16 5.409690941038909263e-18
2.503714285714270954e+04 1.214365035420375995e-16 5.369271055721156052e-18
2.504723809523794625e+04 1.289540898324546539e-16 6.204084861129753226e-18
2.505733333333317933e+04 1.124541723861494211e-16 5.384740265480284705e-18
2.506742857142841967e+04 1.199742859987708979e-16 5.327955064981607496e-18
2.507752380952366002e+04 1.243625281761608361e-16 5.681041381620056461e-18
2.508761904761889673e+04 1.228239458733624002e-16 5.161356144220674706e-18
2.509771428571413344e+04 1.218246160734121380e-16 5.601479473389241647e-18
2.510780952380937379e+04 1.172666689592210372e-16 6.043398226586686361e-18
2.511790476190461413e+04 1.175108210979854539e-16 6.022896938081012993e-18
2.512799999999984720e+04 1.225742353427698891e-16 5.458526564301848934e-18
2.513809523809508391e+04 1.223875838687722725e-16 5.639496190486054375e-18
2.514819047619032426e+04 1.259953737348932851e-16 5.343544049393139880e-18
2.515828571428556461e+04 1.214045199648121792e-16 6.193012841063194393e-18
2.516838095238080132e+04 1.128860485034896128e-16 5.177650240001740209e-18
2.517847619047603439e+04 1.199110996638913004e-16 5.550124453892297870e-18
2.518857142857127474e+04 1.244917843718177614e-16 5.954959467596944387e-18
2.519866666666651508e+04 1.240687327904910705e-16 6.163689331624079621e-18
2.520876190476175179e+04 1.238513344330233448e-16 5.121162430908105994e-18
2.521885714285698850e+04 1.166504901766611771e-16 5.415422947427210871e-18
2.522895238095222885e+04 1.253655836637873247e-16 5.892481675614176912e-18
2.523904761904746920e+04 1.299830686076400495e-16 6.127182176122168415e-18
2.524914285714270227e+04 1.257183616815214834e-16 5.491832762044493279e-18
2.525923809523793898e+04 1.268681315981434176e-16 5.676409280343135474e-18
2.526933333333317933e+04 1.243739714576866521e-16 5.675907976964281574e-18
2.527942857142841967e+04 1.242159441624002264e-16 5.462602334140101153e-18
2.528952380952365638e+04 1.215558193954786669e-16 5.869996025345546980e-18
2.529961904761888945e+04 1.166484275971804596e-16 6.208686316468112660e-18
2.530971428571412980e+04 1.220445322241849455e-16 5.558139056494658856e-18
2.531980952380937015e+04 1.228012217757328454e-16 5.428926400824384484e-18
2.532990476190460686e+04 1.234979870182005423e-16 5.327267268683184038e-18
2.533999999999984357e+04 1.289988193818023390e-16 5.718907538158317342e-18
2.535009523809508391e+04 1.227575310179130518e-16 5.421196930920088410e-18
2.536019047619032426e+04 1.218256859875824491e-16 6.089375067229548217e-18
2.537028571428555733e+04 1.170209207344908943e-16 5.457273198444822724e-18
2.538038095238079404e+04 1.234735438183039806e-16 5.290377464946784822e-18
2.539047619047603439e+04 1.202464604350173491e-16 5.424730884360280936e-18
2.540057142857127474e+04 1.229494455872488467e-16 5.391221715719936149e-18
2.541066666666651145e+04 1.113728115679985428e-16 5.173423123158321234e-18
2.542076190476174452e+04 1.100741021812084352e-16 5.206328996353000780e-18
2.543085714285698486e+04 1.274370184953081960e-16 6.236329753915656905e-18
2.544095238095222521e+04 1.201201028802374385e-16 5.982639237306901925e-18
2.545104761904746192e+04 1.217757142905090885e-16 6.758584077755634847e-18
2.546114285714269863e+04 1.179831010460069843e-16 5.390250168072574653e-18
2.547123809523793898e+04 1.159053520378354036e-16 5.002718511290896597e-18
2.548133333333317933e+04 1.223043361521535574e-16 5.423947739618014516e-18
2.549142857142841240e+04 1.129482382887289565e-16 5.851942451155258561e-18
2.550152380952364911e+04 1.125827189913168165e-16 5.323510572597890447e-18
2.551161904761888945e+04 1.111669021034859739e-16 5.370277653729922223e-18
2.552171428571412980e+04 1.174685346187399561e-16 5.123002417069709223e-18
2.553180952380936651e+04 1.232131385868935526e-16 5.211431270002156447e-18
2.554190476190459958e+04 1.193895800988867763e-16 5.404912320937754742e-18
2.555199999999983993e+04 1.102225835962792952e-16 5.663350327648976609e-18
2.556209523809508028e+04 1.254739271625423180e-16 5.055748146462569265e-18
2.557219047619031699e+04 1.217549096111583161e-16 5.310860551375111120e-18
2.558228571428555369e+04 1.188331337692326784e-16 5.352579687621660344e-18
2.559238095238079404e+04 1.206997253618988585e-16 5.235532449340884854e-18
2.560247619047603439e+04 1.264695311114766390e-16 5.313087289167048261e-18
2.561257142857126746e+04 1.209621369430276244e-16 5.386835439777277768e-18
2.562266666666650417e+04 1.230309727325207669e-16 5.622701249271776522e-18
2.563276190476174452e+04 1.162267514386187729e-16 5.737605043474860254e-18
2.564285714285698486e+04 1.311489148041745684e-16 5.096841280548625455e-18
2.565295238095222157e+04 1.290348691724203807e-16 5.690627284684080616e-18
2.566304761904745465e+04 1.193529047059869813e-16 5.207761657928100147e-18
2.567314285714269499e+04 1.267605849555016195e-16 5.747589984159138013e-18
2.568323809523793534e+04 1.145173527904234746e-16 5.842878812664342271e-18
2.569333333333317205e+04 1.183465890315620468e-16 5.196815838050210208e-18
2.570342857142840876e+04 1.255093884351053180e-16 5.339581364871720199e-18
2.571352380952364911e+04 1.123908450628382771e-16 5.110859779459731920e-18
2.572361904761888945e+04 1.265048742015929110e-16 5.370385220345839789e-18
2.573371428571412252e+04 1.271544482675046589e-16 6.168421628292964926e-18
2.574380952380935923e+04 1.258709631045552757e-16 6.112893179462773281e-18
2.575390476190459958e+04 1.301241208282920239e-16 5.834987621110990686e-18
2.576399999999983993e+04 1.350842364027574115e-16 5.500688157293592091e-18
2.577409523809507664e+04 1.262260747764327260e-16 5.279062997412615050e-18
2.578419047619031335e+04 1.237174488862034002e-16 5.448426093684876750e-18
2.579428571428555006e+04 1.176034227761146318e-16 5.058843196468368583e-18
2.580438095238079040e+04 1.212261452494418400e-16 5.209610038153713094e-18
2.581447619047602711e+04 1.245932136291428681e-16 5.715883688819677167e-18
2.582457142857126382e+04 1.224755444497824941e-16 6.351061312958290980e-18
2.583466666666650417e+04 1.229496933404218028e-16 5.522855748129008874e-18
2.584476190476174452e+04 1.181763939721391268e-16 5.745800886144540031e-18
2.585485714285697759e+04 1.204787161159123537e-16 5.743004749483359834e-18
2.586495238095221430e+04 1.272475154505357446e-16 5.384789348621275206e-18
2.587504761904745465e+04 1.278276111582210722e-16 5.679102098398829895e-18
2.588514285714269499e+04 1.319950002211022186e-16 5.817145797496405339e-18
2.589523809523793170e+04 1.181003606377857790e-16 5.176269313236457514e-18
2.590533333333316841e+04 1.354275856701296275e-16 5.355056035167438433e-18
2.591542857142840512e+04 1.269122268980931080e-16 5.325965876307459442e-18
2.592552380952364547e+04 1.299451097129293152e-16 6.407931625393666797e-18
2.593561904761888218e+04 1.259833918066744236e-16 5.865787358596497037e-18
2.594571428571411889e+04 1.114382305784338765e-16 5.427377406160780149e-18
2.595580952380935923e+04 1.286599868299225222e-16 5.434925233703477866e-18
2.596590476190459958e+04 1.263880618724081459e-16 5.403587446274711464e-18
2.597599999999983629e+04 1.111541031491538288e-16 5.093511530027581737e-18
2.598609523809506936e+04 1.229790123426185357e-16 5.640463539888597845e-18
2.599619047619030971e+04 1.242690626575987224e-16 5.201826603513226827e-18
2.600628571428555006e+04 1.124914318684863442e-16 5.529311642865655923e-18
2.601638095238078677e+04 1.155474577553173103e-16 6.283714765632830413e-18
2.602647619047602348e+04 1.165741216229382937e-16 5.873998066449098921e-18
2.603657142857126382e+04 1.234826102954577549e-16 5.652626677969709235e-18
2.604666666666650053e+04 1.222866109079836895e-16 5.231435428521658651e-18
2.605676190476173724e+04 1.208851365229683470e-16 5.573231912112802699e-18
2.606685714285697395e+04 1.205421179588067984e-16 5.513516766961973056e-18
2.607695238095221430e+04 1.262338190608744385e-16 5.827874784167343066e-18
2.608704761904745465e+04 1.195281096156397876e-16 5.077430233334448927e-18
2.609714285714269135e+04 1.273673106915175679e-16 5.325734642453632602e-18
2.610723809523792443e+04 1.290035746660595476e-16 5.166678214242896384e-18
2.611733333333316477e+04 1.301390582128955008e-16 5.842189386127831389e-18
2.612742857142840512e+04 1.268166666401817873e-16 5.108824923955316594e-18
2.613752380952364183e+04 1.130987835412663699e-16 5.628683681101915236e-18
2.614761904761887854e+04 1.236930211229715454e-16 5.305608664218663959e-18
2.615771428571411889e+04 1.221185796565192971e-16 5.168142403912146014e-18
2.616780952380935923e+04 1.236935634627186443e-16 5.304145423435825533e-18
2.617790476190459231e+04 1.232331247473511600e-16 5.199296882912354542e-18
2.618799999999982901e+04 1.300816250566658153e-16 5.497181417293004764e-18
2.619809523809506936e+04 1.145002953893657762e-16 6.010595864086129890e-18
2.620819047619030971e+04 1.194563339878508241e-16 6.280901900118469716e-18
2.621828571428554642e+04 1.361239091421020482e-16 6.380757910150854163e-18
2.622838095238077949e+04 1.210770623507125589e-16 5.557611353081614560e-18
2.623847619047601984e+04 1.259324940549432813e-16 5.546446366439602988e-18
2.624857142857126018e+04 1.161550814764481398e-16 5.364257344467540643e-18
2.625866666666649689e+04 1.287980054392151529e-16 6.086809682007603351e-18
2.626876190476173360e+04 1.198166948541702816e-16 5.602498877863385216e-18
2.627885714285697395e+04 1.284340062328700254e-16 5.220439770371908227e-18
2.628895238095221430e+04 1.236236419165112021e-16 5.481667134698472390e-18
2.629904761904744737e+04 1.173990023345418256e-16 5.147658014468338064e-18
2.630914285714268408e+04 1.123250280318833033e-16 5.174637392316977758e-18
2.631923809523792443e+04 1.250060541652269260e-16 6.135951356426309262e-18
2.632933333333316477e+04 1.172763774486883610e-16 5.430152119727928048e-18
2.633942857142840148e+04 1.092331069647286111e-16 5.142824412671542097e-18
2.634952380952363455e+04 1.119147458869677759e-16 4.883409187016984275e-18
2.635961904761887490e+04 1.168840399988868684e-16 5.071869133364587811e-18
2.636971428571411525e+04 1.190853555059228529e-16 5.313377560676623948e-18
2.637980952380935196e+04 1.190997428484639710e-16 5.537832917506908453e-18
2.638990476190458867e+04 1.089860384427195306e-16 5.208468591969376011e-18
2.639999999999982901e+04 1.211363857362521583e-16 5.870460083523300692e-18
2.641009523809506936e+04 1.051257118933929723e-16 5.054155879709990533e-18
2.642019047619030243e+04 1.072755272167561087e-16 4.848553380529864091e-18
2.643028571428553914e+04 1.237268330515678168e-16 5.083989829154091439e-18
2.644038095238077949e+04 1.125800477142112725e-16 5.026100951593628306e-18
2.645047619047601984e+04 1.182988847177492393e-16 5.785626808125372969e-18
2.646057142857125655e+04 1.233685908548511201e-16 5.140284521539753962e-18
2.647066666666648962e+04 1.235514001139286974e-16 5.385181323385726233e-18
2.648076190476172997e+04 1.082775320707523646e-16 4.962831439534638532e-18
2.649085714285697031e+04 1.248835840332733104e-16 5.164239533918209962e-18
2.650095238095220702e+04 1.207140831151811692e-16 5.255773271224022770e-18
2.651104761904744373e+04 1.341531800799633195e-16 6.269755220182715078e-18
2.652114285714268408e+04 1.237947810576144148e-16 5.302619723395715844e-18
2.653123809523792443e+04 1.190852577695533467e-16 5.082592747464572830e-18
2.654133333333315750e+04 1.139758043474418062e-16 5.169011630704051276e-18
2.655142857142839421e+04 1.214432791975398312e-16 5.036309434817867759e-18
2.656152380952363455e+04 1.167151890213921425e-16 4.967106373388165449e-18
2.657161904761887490e+04 1.201567950277453467e-16 5.061238700273628636e-18
2.658171428571411161e+04 1.237538369863784712e-16 5.476187422565586998e-18
2.659180952380934468e+04 1.167403416929853466e-16 6.095297399115619392e-18
2.660190476190458503e+04 1.226743040048553882e-16 5.235839673889503235e-18
2.661199999999982538e+04 1.237266264073887275e-16 5.189096099014042167e-18
2.662209523809506209e+04 1.121998981926327407e-16 4.915224792587271207e-18
2.663219047619029880e+04 1.245197921407656987e-16 5.042854260374614778e-18
2.664228571428553914e+04 1.119606181033726250e-16 5.107619158335039895e-18
2.665238095238077949e+04 1.155289168358074413e-16 6.152933626657029843e-18
2.666247619047601256e+04 1.138330425909072335e-16 5.253864572642656879e-18
2.667257142857124927e+04 1.122742997285864772e-16 4.821972447781559394e-18
2.668266666666648962e+04 1.082152072127437821e-16 4.996689245096744917e-18
2.669276190476172997e+04 1.083662504512933300e-16 5.993444122170863847e-18
2.670285714285696668e+04 1.142263937953285568e-16 6.385857647991494499e-18
2.671295238095219975e+04 1.139043685564012959e-16 5.459136502779909232e-18
2.672304761904744009e+04 1.156898346237856942e-16 5.342867723750363952e-18
2.673314285714268044e+04 9.983418459784622734e-17 5.085971486304966181e-18
2.674323809523791715e+04 1.201325390742111361e-16 4.999805119558710348e-18
2.675333333333315386e+04 1.148312807099346080e-16 5.248412798685325828e-18
2.676342857142839421e+04 1.167423306878488187e-16 5.139407513411063691e-18
2.677352380952363455e+04 1.226779194165875967e-16 5.706224341718533068e-18
2.678361904761886763e+04 1.149868055408030061e-16 5.856294103891364239e-18
2.679371428571410434e+04 1.071652290207488785e-16 5.395010343140316538e-18
2.680380952380934468e+04 1.157972912009856539e-16 5.348565269446082877e-18
2.681390476190458503e+04 1.165928535989243273e-16 5.030897961316973833e-18
2.682399999999982174e+04 1.220276695411034233e-16 5.268409610192438073e-18
2.683409523809505481e+04 1.193386457181690383e-16 5.007589053012201835e-18
2.684419047619029516e+04 1.181803052448123558e-16 6.460799326873520993e-18
2.685428571428553551e+04 1.098503631858249563e-16 4.888900310645290351e-18
2.686438095238077221e+04 1.072682228253309485e-16 5.117229498354067390e-18
2.687447619047600892e+04 1.134432898480015409e-16 5.170115568761016967e-18
2.688457142857124927e+04 1.143585310941480461e-16 5.041956793798385363e-18
2.689466666666648962e+04 1.151809527936219482e-16 5.203740541308061664e-18
2.690476190476172269e+04 1.083893436190842108e-16 5.769026823062313643e-18
2.691485714285695940e+04 1.154402458426376651e-16 5.206615659651346940e-18
2.692495238095219975e+04 1.238842767761593499e-16 5.379032247169357230e-18
2.693504761904744009e+04 1.152725471568094231e-16 5.367344536149577727e-18
2.694514285714267680e+04 1.146446592197672356e-16 5.379582524564250682e-18
2.695523809523791351e+04 1.100886081541323342e-16 5.465219159963561890e-18
2.696533333333315022e+04 1.215147850009568416e-16 5.608749052471325022e-18
2.697542857142839057e+04 1.103877277596249535e-16 5.771285092447337355e-18
2.698552380952362728e+04 1.246118213405387838e-16 7.041175395922169144e-18
2.699561904761886399e+04 1.260777509317477548e-16 5.768835239276054414e-18
2.700571428571410434e+04 1.128927117977342802e-16 6.190840128758624928e-18
2.701580952380934468e+04 1.143581592603346395e-16 5.785265094986271370e-18
2.702590476190457775e+04 1.132611765807213070e-16 6.092518772820714681e-18
2.703599999999981446e+04 1.233375583336645753e-16 6.881753161195813946e-18
2.704609523809505481e+04 1.037569645556277131e-16 5.967597295774072263e-18
2.705619047619029516e+04 1.235127259943936460e-16 6.012446758855023339e-18
2.706628571428553187e+04 1.203664357101767113e-16 5.977517124248938444e-18
2.707638095238076858e+04 1.156915653537313699e-16 6.302317718531592163e-18
2.708647619047600892e+04 1.104833987392875667e-16 6.504226638970329052e-18
2.709657142857124563e+04 1.209718364205448608e-16 7.170251159305743912e-18
2.710666666666648234e+04 1.091142350396762535e-16 6.058393028726073663e-18
2.711676190476171905e+04 1.214422000786264128e-16 6.002560699769359893e-18
2.712685714285695940e+04 1.183436614001303105e-16 5.683724880620517653e-18
2.713695238095219975e+04 1.240978110265698753e-16 6.232131248754583443e-18
2.714704761904743646e+04 1.239935911901426530e-16 5.557338078177879493e-18
2.715714285714266953e+04 1.301396073953005340e-16 5.723890514979038051e-18
2.716723809523790987e+04 1.268411204122110093e-16 6.130841393334144501e-18
2.717733333333315022e+04 1.143834614014288419e-16 6.398228523282752300e-18
2.718742857142838693e+04 1.208839515680253864e-16 5.623123044113866118e-18
2.719752380952362364e+04 1.129406077699990154e-16 5.588279783595670056e-18
2.720761904761886399e+04 1.039404237759943389e-16 5.334762530127430092e-18
2.721771428571410070e+04 1.146777520732249754e-16 5.625489493138525169e-18
2.722780952380933741e+04 1.168026321799068333e-16 5.330606094412913204e-18
2.723790476190457412e+04 1.111125718698135111e-16 6.317774823884407318e-18
2.724799999999981446e+04 1.103913086332495757e-16 5.338286623295735458e-18
2.725809523809505481e+04 1.315599797105040869e-16 5.967769402381609369e-18
2.726819047619029152e+04 1.141330823070543896e-16 5.786251566811034747e-18
2.727828571428552459e+04 1.234912075521214358e-16 6.228167944626494179e-18
2.728838095238076494e+04 1.133428513651606149e-16 6.757993099459575348e-18
2.729847619047600529e+04 1.081467026307121879e-16 5.588692145609586222e-18
2.730857142857124200e+04 1.181115554657858811e-16 5.935157579166532652e-18
2.731866666666647870e+04 1.245487032110774049e-16 5.765345942198301348e-18
2.732876190476171905e+04 1.119024555631018127e-16 5.901851389101262903e-18
2.733885714285695940e+04 1.039758821586394669e-16 5.715670826467482635e-18
2.734895238095219247e+04 1.124652465426992947e-16 6.086948175194355180e-18
2.735904761904742918e+04 1.185891757617917555e-16 6.152457762077061813e-18
2.736914285714266953e+04 1.120092752506124836e-16 6.968706074490142231e-18
2.737923809523790987e+04 1.250215769170885596e-16 5.965843226252502956e-18
2.738933333333314658e+04 1.237025699952472848e-16 5.936116510809428933e-18
2.739942857142837966e+04 1.233003650753058800e-16 5.833702132485548830e-18
2.740952380952362000e+04 1.106492045739227317e-16 5.473567420982126927e-18
2.741961904761886035e+04 1.289427010164829603e-16 5.939200033504890126e-18
2.742971428571409706e+04 1.193174420842729419e-16 6.101432357627542528e-18
2.743980952380933377e+04 1.235185993535658743e-16 5.706400458056537294e-18
2.744990476190457412e+04 1.183507294976791190e-16 5.648175949668488591e-18
2.745999999999981446e+04 1.264643531317764563e-16 5.955527580471852772e-18
2.747009523809504753e+04 1.126670178808550283e-16 5.878740709419015859e-18
2.748019047619028424e+04 1.194623103244293279e-16 6.668315897896690024e-18
2.749028571428552459e+04 1.135892597257998359e-16 6.315044514009259622e-18
2.750038095238076494e+04 1.169448820240822290e-16 6.007502700607721990e-18
2.751047619047600165e+04 1.271915075765389105e-16 5.967153314061610910e-18
2.752057142857123472e+04 1.174742358932786175e-16 6.313601848288795066e-18
2.753066666666647507e+04 1.167434200070546108e-16 5.967330560064056867e-18
2.754076190476171541e+04 1.178650837055847427e-16 5.775335650751279701e-18
2.755085714285695212e+04 1.197652696301284738e-16 6.443078920020573173e-18
2.756095238095218883e+04 1.131886281971459365e-16 6.171944043913930201e-18
2.757104761904742918e+04 1.107969409074581103e-16 6.688785104671325579e-18
2.758114285714266953e+04 1.165502487494691905e-16 6.237723425042561227e-18
2.759123809523790260e+04 1.167723525290800682e-16 6.079276029745755191e-18
2.760133333333313931e+04 1.143820499226306647e-16 5.758132152577859376e-18
2.761142857142837966e+04 1.198645392864234784e-16 6.358756149293091425e-18
2.762152380952362000e+04 1.100085286235002921e-16 6.533592592337043563e-18
2.763161904761885671e+04 1.185403095436832051e-16 5.981272309170790157e-18
2.764171428571408978e+04 1.226378946199734980e-16 6.110156286355004012e-18
2.765180952380933013e+04 1.169908383131194144e-16 5.867808317468723202e-18
2.766190476190457048e+04 1.184284283128690445e-16 5.977673504108095635e-18
2.767199999999980719e+04 1.143767830109020027e-16 6.655171589838398712e-18
2.768209523809504390e+04 1.127413298693856040e-16 6.408146269433025227e-18
2.769219047619028424e+04 1.249756842640778978e-16 6.231324989349800237e-18
2.770228571428552459e+04 1.137862646121340071e-16 6.057907317346037574e-18
2.771238095238075766e+04 1.062223176624439314e-16 5.863964668479685312e-18
2.772247619047599437e+04 1.034717710885945570e-16 5.937550180101248386e-18
2.773257142857123472e+04 9.947014731035758222e-17 6.144797145977027786e-18
2.774266666666647507e+04 8.056411802056458533e-17 5.787716468365787210e-18
2.775276190476171178e+04 6.422750337412041642e-17 6.005658578560360091e-18
2.776285714285694485e+04 4.910743670398856730e-17 5.672585249729589456e-18
2.777295238095218519e+04 5.159309361720358788e-17 5.621037923349164875e-18
2.778304761904742554e+04 6.120930784283436574e-17 6.317653822518553732e-18
2.779314285714266225e+04 6.136188422266827814e-17 5.392052582320892660e-18
2.780323809523789896e+04 9.008024567929921310e-17 5.676880851135365357e-18
2.781333333333313931e+04 1.085377607580036555e-16 6.588659648987035399e-18
2.782342857142837966e+04 1.055240889158379784e-16 6.914792967797049187e-18
2.783352380952361273e+04 1.135457090985169973e-16 5.979464650497720271e-18
2.784361904761884944e+04 1.035854550146120118e-16 5.700407488215000010e-18
2.785371428571408978e+04 1.119954753607562208e-16 5.836189995102030498e-18
2.786380952380933013e+04 1.143299679290447146e-16 6.786120329874005705e-18
2.787390476190456684e+04 1.111632887525575761e-16 6.307561600496370885e-18
2.788399999999979991e+04 1.122876857453035254e-16 6.349941797286032540e-18
2.789409523809504026e+04 1.107381276618636380e-16 6.039691267502306249e-18
2.790419047619028061e+04 9.891803410720168774e-17 5.805631357419044539e-18
2.791428571428551732e+04 1.105041122344686872e-16 6.086408418956429517e-18
2.792438095238075402e+04 1.120217074273557045e-16 5.951147435497681618e-18
2.793447619047599437e+04 1.205357483025416602e-16 6.910746153797558164e-18
2.794457142857123472e+04 1.171354480766197005e-16 7.101613700783521108e-18
2.795466666666646779e+04 1.058783885139883242e-16 6.599784479272281415e-18
2.796476190476170450e+04 1.112145628119581793e-16 6.551416136248622333e-18
2.797485714285694485e+04 1.158946390557058849e-16 7.059325034446077492e-18
2.798495238095218519e+04 1.225655662811295087e-16 6.376557914551596051e-18
2.799504761904742190e+04 1.109996040190205398e-16 6.553411011761011822e-18
2.800514285714265861e+04 1.085654922843516262e-16 7.029328748805657902e-18
2.801523809523789532e+04 1.074293056898583234e-16 6.843656902658152911e-18
2.802533333333313567e+04 1.132766258889245879e-16 7.389710902931028533e-18
2.803542857142837238e+04 1.180237039923823859e-16 6.676107117571903949e-18
2.804552380952360909e+04 1.190536817453601120e-16 6.449294068527307486e-18
2.805561904761884944e+04 1.267912720465639133e-16 6.878800548287838942e-18
2.806571428571408978e+04 1.163341355283427260e-16 7.221402645857716163e-18
2.807580952380932285e+04 1.138868291354228363e-16 6.665889559259268010e-18
2.808590476190455956e+04 1.048427204156618890e-16 6.144825756006274442e-18
2.809599999999979991e+04 1.092222572281656472e-16 6.321480535841012493e-18
2.810609523809504026e+04 1.041404032781510373e-16 6.150813072756257117e-18
2.811619047619027697e+04 1.134785772845835899e-16 6.245267824464476761e-18
2.812628571428551368e+04 1.128298670769249237e-16 6.030841174871029594e-18
2.813638095238075039e+04 1.114763363481137202e-16 6.419389864054979451e-18
2.814647619047599073e+04 1.125993434183870001e-16 7.228538063951528044e-18
2.815657142857122744e+04 1.134151974394398177e-16 6.986101424646441111e-18
2.816666666666646415e+04 1.142561809147807361e-16 6.627612325227167090e-18
2.817676190476170450e+04 1.140475233807412376e-16 6.277165154904432208e-18
2.818685714285694485e+04 1.102944135260983440e-16 5.994362157869856813e-18
2.819695238095218156e+04 1.162487895651447762e-16 6.859033906195004993e-18
2.820704761904741463e+04 1.018639501710894561e-16 6.036415639887395309e-18
2.821714285714265498e+04 1.051655258756571463e-16 6.074730463979249299e-18
2.822723809523789532e+04 1.087948843523234507e-16 5.780914156674491779e-18
2.823733333333313203e+04 1.043160891635088699e-16 5.791164103925494284e-18
2.824742857142836874e+04 1.114471125424619605e-16 5.955438700556369237e-18
2.825752380952360909e+04 1.171888099132651176e-16 6.960699254385841150e-18
2.826761904761884580e+04 1.076373236529595068e-16 6.184313304718964199e-18
2.827771428571408251e+04 1.105905154401735697e-16 5.929405401221066735e-18
2.828780952380931922e+04 1.029917655905740616e-16 5.929391779043237719e-18
2.829790476190455956e+04 1.113973354050079752e-16 6.305805760697690228e-18
2.830799999999979991e+04 1.042994105271504169e-16 5.632610675773737933e-18
2.831809523809503662e+04 1.055703763635743521e-16 5.786753435663896007e-18
2.832819047619026969e+04 9.804090940892469999e-17 5.788129043248176445e-18
2.833828571428551004e+04 1.075049124264428740e-16 6.517933500314381502e-18
2.834838095238075039e+04 1.013274464469001780e-16 6.188754992077940018e-18
2.835847619047598710e+04 1.106217875853422485e-16 5.860045039267151626e-18
2.836857142857122381e+04 1.112364996634907454e-16 6.079587557764759182e-18
2.837866666666646415e+04 1.092652676629678041e-16 5.781711821339715237e-18
2.838876190476170450e+04 1.170492947525051241e-16 5.955960406574396178e-18
2.839885714285693757e+04 1.225039436108772289e-16 6.813725202235200765e-18
2.840895238095217428e+04 1.113040250689685748e-16 6.277816548545542013e-18
2.841904761904741463e+04 9.779442128935772524e-17 5.730403061113649854e-18
2.842914285714265498e+04 1.121822982462642515e-16 5.956649854358371719e-18
2.843923809523789168e+04 9.934566098692759060e-17 6.024706602091523261e-18
2.844933333333312476e+04 9.972230535306958829e-17 5.768087469322194031e-18
2.845942857142836510e+04 1.123498195653663846e-16 7.140063901484609715e-18
2.846952380952360545e+04 1.071261923027888142e-16 6.287361213047087593e-18
2.847961904761884216e+04 1.040947745693204860e-16 5.900755427110709503e-18
2.848971428571407887e+04 1.085405132740966743e-16 6.035437649567408689e-18
2.849980952380931922e+04 1.040212605405193025e-16 5.884376276428292188e-18
2.850990476190455956e+04 1.158746881947735553e-16 5.996039319859164437e-18
2.851999999999979264e+04 1.135863599997012213e-16 5.958931663914596369e-18
2.853009523809502934e+04 9.218395618302678512e-17 6.397374008741162701e-18
2.854019047619026969e+04 1.144581134806311027e-16 6.628472788594620377e-18
2.855028571428551004e+04 1.153783718435041965e-16 6.307805441831174163e-18
2.856038095238074675e+04 1.190357999209659236e-16 7.698421795794895078e-18
2.857047619047597982e+04 1.194418671917798991e-16 6.391581019213969195e-18
2.858057142857122017e+04 1.027105932354579194e-16 5.564661917311007695e-18
2.859066666666646051e+04 1.028090805579689664e-16 6.562740724315225380e-18
2.860076190476169722e+04 1.139041005558630107e-16 6.055508039033221817e-18
2.861085714285693393e+04 1.014879576785048595e-16 5.729615640632761228e-18
2.862095238095217428e+04 1.111265362515461927e-16 6.094775431835885549e-18
2.863104761904741463e+04 1.085771011257189314e-16 6.074994214674206759e-18
2.864114285714264770e+04 1.032897195411614696e-16 6.307399241850849627e-18
2.865123809523788441e+04 1.151354940214859442e-16 7.251089918578721751e-18
2.866133333333312476e+04 1.020669866826950509e-16 5.908243575353747253e-18
2.867142857142836510e+04 1.075456955713741140e-16 5.961264131763310526e-18
2.868152380952360181e+04 1.005540688814972424e-16 6.027464354075375082e-18
2.869161904761883488e+04 1.094289135879685332e-16 5.909230554852100915e-18
2.870171428571407523e+04 9.933437041818398478e-17 5.862421815576577506e-18
2.871180952380931558e+04 1.060353444294684971e-16 6.170787959106122455e-18
2.872190476190455229e+04 1.028083662058526310e-16 5.778833094580562674e-18
2.873199999999978900e+04 1.114252139585837889e-16 7.471699758205378121e-18
2.874209523809502934e+04 1.046155960063079769e-16 5.891239874548080038e-18
2.875219047619026969e+04 1.028365728703627491e-16 6.124772428790556352e-18
2.876228571428550276e+04 1.042535736064155715e-16 5.922206445961073432e-18
2.877238095238073947e+04 1.085628492864204608e-16 5.715002654349682925e-18
2.878247619047597982e+04 1.130882603185016757e-16 5.795415792941818643e-18
2.879257142857122017e+04 9.277694181721485082e-17 6.371537733632272530e-18
2.880266666666645688e+04 1.076226688548846402e-16 5.370876325371109772e-18
2.881276190476168995e+04 1.100288248453019973e-16 5.681362451938894591e-18
2.882285714285693030e+04 1.037537427279414585e-16 5.727351763190940813e-18
2.883295238095217064e+04 1.068538302940255816e-16 5.880573159315612267e-18
2.884304761904740735e+04 9.835155278674050117e-17 5.792858204783267302e-18
2.885314285714264406e+04 9.519037024152743619e-17 6.537871478538186790e-18
2.886323809523788441e+04 1.012813933208620085e-16 5.990610092850395383e-18
2.887333333333312476e+04 1.051328780843610726e-16 6.295980176129392611e-18
2.888342857142835783e+04 9.882402510926682401e-17 5.792059296475359318e-18
2.889352380952359454e+04 9.130766522697918246e-17 6.693595278100840110e-18
2.890361904761883488e+04 1.066202487673833015e-16 5.801423578802176874e-18
2.891371428571407523e+04 1.094162289541116699e-16 6.146757284724758004e-18
2.892380952380931194e+04 9.838467540857055469e-17 6.202023587580936119e-18
2.893390476190454501e+04 1.194227331366297837e-16 5.558403790688727236e-18
2.894399999999978536e+04 1.031129510061585822e-16 5.426393503229597284e-18
2.895409523809502571e+04 1.074672482353652289e-16 5.284045437478787256e-18
2.896419047619026242e+04 1.030462712477120558e-16 5.689186236928377491e-18
2.897428571428549913e+04 1.095943964653564576e-16 5.554326125628369635e-18
2.898438095238073947e+04 9.866398472153930592e-17 6.715610349282935788e-18
2.899447619047597982e+04 9.605110685015878310e-17 5.770734773113273256e-18
2.900457142857121289e+04 9.148792096790097439e-17 5.682253134897547499e-18
2.901466666666644960e+04 1.112679479927883729e-16 5.698987040735112044e-18
2.902476190476168995e+04 1.024378089062744243e-16 5.806878879265936751e-18
2.903485714285693030e+04 1.012273023661945351e-16 6.098187411321172363e-18
2.904495238095216700e+04 9.597088821082605471e-17 6.342015137354860207e-18
2.905504761904740371e+04 9.324568965032519967e-17 6.041675544880497469e-18
2.906514285714264042e+04 9.830170770733907579e-17 5.933744691362062604e-18
2.907523809523788077e+04 9.873189714073761489e-17 6.098281240763315907e-18
2.908533333333311748e+04 9.488573168060147942e-17 5.600156649232462953e-18
2.909542857142835419e+04 9.093290496241490707e-17 6.339495539650981688e-18
2.910552380952359454e+04 9.753030548601402212e-17 6.038416779674528361e-18
2.911561904761883488e+04 9.915546723565803113e-17 6.736119665037142815e-18
2.912571428571406796e+04 1.026018811465882237e-16 6.716651562749386463e-18
2.913580952380930466e+04 1.010871983367139286e-16 5.893355212272761545e-18
2.914590476190454501e+04 1.029590662739884798e-16 6.207599349251993088e-18
2.915599999999978536e+04 1.029298360517749657e-16 5.456615628210522320e-18
2.916609523809502207e+04 9.922033293594485168e-17 5.520988766291418130e-18
2.917619047619025878e+04 1.108929118737542226e-16 5.685852348015109015e-18
2.918628571428549549e+04 9.742899595105813596e-17 6.580722553571556167e-18
2.919638095238073583e+04 9.667631474811705611e-17 5.542741383186784035e-18
2.920647619047597254e+04 1.106059602213335755e-16 5.666837118196226781e-18
2.921657142857120925e+04 1.114855536622265286e-16 6.576310134354211773e-18
2.922666666666644960e+04 9.850815843800123094e-17 5.515842579356759689e-18
2.923676190476168995e+04 1.000725065740702075e-16 5.581352859062610685e-18
2.924685714285692666e+04 1.047045295433963288e-16 6.305869930798174433e-18
2.925695238095215973e+04 9.325548225854947055e-17 5.475674227781751792e-18
2.926704761904740008e+04 9.686563158398873811e-17 5.242439232987414576e-18
2.927714285714264042e+04 1.071104797173598560e-16 5.569497810185117635e-18
2.928723809523787713e+04 1.061834858135885593e-16 5.883798677847367006e-18
2.929733333333311384e+04 9.961347858380928795e-17 5.480059239009035279e-18
2.930742857142835419e+04 9.494779144244220904e-17 5.932405801435156979e-18
2.931752380952359090e+04 8.128647179227101523e-17 6.834067864739840669e-18
2.932761904761882761e+04 9.164891993285259606e-17 5.711813725865754074e-18
2.933771428571406432e+04 9.157823807944281219e-17 5.470012084067260857e-18
2.934780952380930466e+04 9.487806090679451820e-17 5.871355987784322597e-18
2.935790476190454501e+04 9.728689044066179837e-17 5.424993099940974871e-18
2.936799999999978172e+04 9.935902057303132776e-17 5.360896393523232661e-18
2.937809523809501479e+04 1.015678261565123294e-16 7.169105470938405333e-18
2.938819047619025514e+04 9.054465298432654021e-17 5.761540287878283147e-18
2.939828571428549549e+04 1.051497964041586976e-16 6.051493078286368331e-18
2.940838095238073220e+04 9.001694081065517480e-17 5.755325316299458202e-18
2.941847619047596891e+04 9.887152306690936926e-17 5.363239515547957780e-18
2.942857142857120925e+04 9.401906204620757298e-17 6.250394680857799336e-18
2.943866666666644960e+04 8.865949244416120822e-17 6.275431209692405073e-18
2.944876190476168267e+04 9.448917028881870088e-17 5.756661156181565643e-18
2.945885714285691938e+04 8.561446640465674429e-17 5.746277980670145993e-18
2.946895238095215973e+04 9.240525726343227261e-17 6.488261515266006095e-18
2.947904761904740008e+04 9.648076242017113703e-17 6.097660181893922612e-18
2.948914285714263679e+04 1.017101335513693409e-16 6.847557239795846280e-18
2.949923809523786986e+04 9.887640652292468251e-17 5.834651414295329418e-18
2.950933333333311020e+04 1.020118244017905884e-16 5.716624789003802972e-18
2.951942857142835055e+04 9.822036372171264862e-17 6.359315222629986716e-18
2.952952380952358726e+04 9.698264488228892903e-17 5.316110859629769850e-18
2.953961904761882397e+04 1.014157357168351761e-16 5.551352214101553486e-18
2.954971428571406432e+04 8.751228820687774521e-17 5.386615988263652730e-18
2.955980952380930466e+04 9.693135417678558966e-17 5.249786579225430160e-18
2.956990476190453774e+04 1.015594023434688467e-16 5.563720381145553643e-18
2.957999999999977445e+04 1.064638849916971394e-16 6.328628555284992644e-18
2.959009523809501479e+04 1.050368362554068572e-16 5.702787084632603629e-18
2.960019047619025514e+04 9.856690291445945386e-17 5.898045427460232157e-18
2.961028571428549185e+04 9.773462184211492169e-17 5.745812063965419937e-18
2.962038095238072492e+04 1.075096366281119769e-16 5.903131476648000659e-18
2.963047619047596527e+04 9.691536505074112485e-17 5.966306027867553542e-18
2.964057142857120562e+04 9.673548758337964593e-17 7.384660738862290876e-18
2.965066666666644232e+04 1.017761638502085197e-16 5.718060591709991019e-18
2.966076190476167903e+04 1.080570815134929235e-16 5.677759304779237153e-18
2.967085714285691938e+04 1.044567028255166140e-16 5.459092872453838098e-18
2.968095238095215973e+04 9.437485390431221926e-17 5.417150356865478419e-18
2.969104761904739280e+04 9.558421247914393309e-17 5.320318690295194707e-18
2.970114285714262951e+04 1.071364191523114249e-16 5.757392777330206969e-18
2.971123809523786986e+04 1.033048810201918697e-16 6.453613959994066454e-18
2.972133333333311020e+04 9.611086915345498602e-17 5.669861872803027862e-18
2.973142857142834691e+04 1.053461713553917308e-16 6.064942189573267529e-18
2.974152380952357998e+04 9.744267738714449672e-17 5.973529698470174657e-18
2.975161904761882033e+04 9.429771447244158184e-17 6.222807112779899309e-18
2.976171428571406068e+04 1.011808115760272277e-16 6.062430794537943677e-18
2.977180952380929739e+04 9.960290158745834026e-17 6.198254671573659503e-18
2.978190476190453410e+04 1.012484059569176727e-16 6.423751979249464546e-18
2.979199999999977445e+04 1.009342751689840414e-16 6.113642618920986011e-18
2.980209523809501479e+04 9.733129032365057137e-17 5.943731129275440279e-18
2.981219047619024786e+04 1.053135619994636673e-16 6.226065742687130471e-18
2.982228571428548457e+04 9.384652711669996362e-17 6.446370735377614041e-18
2.983238095238072492e+04 1.047843708772255917e-16 6.306803713048519062e-18
2.984247619047596527e+04 9.918261220236752779e-17 5.715351606211640847e-18
2.985257142857120198e+04 1.012056585362485501e-16 5.996067938222922231e-18
2.986266666666643505e+04 1.039300423414268657e-16 5.724903910258847380e-18
2.987276190476167540e+04 9.634873048355309522e-17 6.384427297697325126e-18
2.988285714285691574e+04 1.029825024620062323e-16 5.461023642555929855e-18
2.989295238095215245e+04 9.753417530846821014e-17 5.782043302317804321e-18
2.990304761904738916e+04 9.034972830552766617e-17 6.148323796856210983e-18
2.991314285714262951e+04 1.005687979433188449e-16 6.035201125201828685e-18
2.992323809523786986e+04 9.962729702299997906e-17 5.361332174061822763e-18
2.993333333333310293e+04 1.095136198855670286e-16 5.926072043060569736e-18
2.994342857142833964e+04 9.981394085965163795e-17 5.463137129053534428e-18
2.995352380952357998e+04 1.012422049997347497e-16 5.738006739634445505e-18
2.996361904761882033e+04 9.524926888227867718e-17 6.326281878688044316e-18
2.997371428571405704e+04 9.218037668152843116e-17 6.202252527221500399e-18
2.998380952380929011e+04 9.878103769288181401e-17 5.487125887890863245e-18
2.999390476190453046e+04 9.493262019879338491e-17 5.244078863197682319e-18
3.000399999999977081e+04 1.039939171839792269e-16 5.460128167903121960e-18
3.001409523809500752e+04 1.035727322734677080e-16 5.827063766038148450e-18
3.002419047619024423e+04 1.141887085484003572e-16 6.137608136503158617e-18
3.003428571428548457e+04 1.027185838612120739e-16 6.114969277921101768e-18
3.004438095238072492e+04 9.998966194299289315e-17 5.575789212681857390e-18
3.005447619047595799e+04 1.018414743117906218e-16 5.701503824625225662e-18
3.006457142857119470e+04 1.042621356193967478e-16 5.500612054204269208e-18
3.007466666666643505e+04 9.707464215910695593e-17 5.367186446265021390e-18
3.008476190476167540e+04 9.686833313736969758e-17 5.451754548396140844e-18
3.009485714285691211e+04 1.016761496291971252e-16 5.687827940442392262e-18
3.010495238095214518e+04 1.025478444289436680e-16 6.095772550925095898e-18
3.011504761904738552e+04 9.975535849314922167e-17 5.698649963243922937e-18
3.012514285714262587e+04 9.816522313594676187e-17 5.269253412192786781e-18
3.013523809523786258e+04 1.001162653048814104e-16 5.309512514437446676e-18
3.014533333333309929e+04 9.999092789481713435e-17 5.337134973298799157e-18
3.015542857142833964e+04 1.041901570770198273e-16 5.791697445928015580e-18
3.016552380952357998e+04 9.312649946312801346e-17 6.029844000247160913e-18
3.017561904761881306e+04 9.990753912838141501e-17 5.237161621487739920e-18
3.018571428571404977e+04 1.076542089095313438e-16 5.698650558791790143e-18
3.019580952380929011e+04 9.703123675309604992e-17 5.278813616753392614e-18
3.020590476190453046e+04 9.621195968035568774e-17 5.342300460643982331e-18
3.021599999999976717e+04 9.688060022659579498e-17 6.155832862876327189e-18
3.022609523809500388e+04 1.057116808608108763e-16 5.848264786857909350e-18
3.023619047619024059e+04 9.879991561104613627e-17 5.893050792200915724e-18
3.024628571428548094e+04 9.480701232910985276e-17 5.527983432869813340e-18
3.025638095238071764e+04 9.731863668312620818e-17 5.796332355942373839e-18
3.026647619047595435e+04 1.016832701875463041e-16 5.917079239245724679e-18
3.027657142857119470e+04 9.743061819684326329e-17 5.874505801507746534e-18
3.028666666666643505e+04 9.372916228363496516e-17 5.596870303176318724e-18
3.029676190476166812e+04 1.042376926660949373e-16 6.337534664932794442e-18
3.030685714285690483e+04 8.758741800054000320e-17 5.896388656514046416e-18
3.031695238095214518e+04 9.389831671082954286e-17 5.249637341905963288e-18
3.032704761904738552e+04 1.008169882602662179e-16 5.563874774061541542e-18
3.033714285714262223e+04 9.888099566229640401e-17 5.551356308477940510e-18
3.034723809523785894e+04 9.673413982317517898e-17 5.792757420876093769e-18
3.035733333333309929e+04 9.766505543844650764e-17 6.180566286554480046e-18
3.036742857142833600e+04 9.143540553053104863e-17 6.339868340489666828e-18
3.037752380952357271e+04 9.950528647441042894e-17 5.832347009948325200e-18
3.038761904761880942e+04 1.038949581042158745e-16 5.335064803285717672e-18
3.039771428571404977e+04 9.601579413054430497e-17 5.717165817805159430e-18
3.040780952380929011e+04 9.490474009352910748e-17 5.669453232147059141e-18
3.041790476190452682e+04 9.170970702458395896e-17 5.938345532581535757e-18
3.042799999999975989e+04 8.605561597848020249e-17 5.974527984840140542e-18
3.043809523809500024e+04 9.932996145300225904e-17 5.435717837675107735e-18
3.044819047619024059e+04 8.466564327032831812e-17 5.868695027074567884e-18
3.045828571428547730e+04 1.008679649642178208e-16 5.430502943032163780e-18
3.046838095238071401e+04 1.010494694326114063e-16 5.751286575182453299e-18
3.047847619047595435e+04 9.584011269234534121e-17 5.153994667365771261e-18
3.048857142857119106e+04 9.348479974301055540e-17 6.066360134158169698e-18
3.049866666666642777e+04 8.878804425210574215e-17 5.548434560636230846e-18
3.050876190476166448e+04 9.448735657399240002e-17 5.606816316808834455e-18
3.051885714285690483e+04 1.059402914202667873e-16 5.640152102589983083e-18
3.052895238095214518e+04 9.891286949747532955e-17 5.675846562869199580e-18
3.053904761904738189e+04 9.828441574219121410e-17 5.686614264308244138e-18
3.054914285714261496e+04 9.081774493450377695e-17 5.911814189478343273e-18
3.055923809523785530e+04 9.961868319489283714e-17 6.398844035348749588e-18
3.056933333333309565e+04 9.795031466593471137e-17 6.130333140838749105e-18
3.057942857142833236e+04 8.757928307666120806e-17 5.443206624874648627e-18
3.058952380952356907e+04 1.010079972634610601e-16 5.322077438545262380e-18
3.059961904761880942e+04 9.476307274701536153e-17 5.608204308888552649e-18
3.060971428571404977e+04 9.893442969552237369e-17 5.762414607987831935e-18
3.061980952380928284e+04 9.462935758395195922e-17 5.882080259488784600e-18
3.062990476190451955e+04 8.604587205797752373e-17 5.670226258114513671e-18
3.063999999999975989e+04 9.798922363958174132e-17 5.729968690320276452e-18
3.065009523809500024e+04 8.864430139462133860e-17 5.192322434823293092e-18
3.066019047619023695e+04 9.143167303803129800e-17 5.105519051320167672e-18
3.067028571428547002e+04 9.700914546558630157e-17 5.784748499504729334e-18
3.068038095238071037e+04 8.536462641845648943e-17 5.543804547500122952e-18
3.069047619047595072e+04 8.992382130968430848e-17 5.968285916218010622e-18
3.070057142857118743e+04 9.451592253820645655e-17 6.061693083889615901e-18
3.071066666666642413e+04 9.779273335536000209e-17 5.428701190772106778e-18
3.072076190476166448e+04 9.553621005849632863e-17 5.256879637740861913e-18
3.073085714285690483e+04 1.025340594126149665e-16 5.346500591029484580e-18
3.074095238095213790e+04 9.817362279219520275e-17 5.658088782236732774e-18
3.075104761904737461e+04 9.691239977834120883e-17 6.082587993208070132e-18
3.076114285714261496e+04 9.518471884714893675e-17 6.003205014526934064e-18
3.077123809523785530e+04 9.113980532988422482e-17 5.453344338140178190e-18
3.078133333333309201e+04 9.740332391682793019e-17 5.530866616819355155e-18
3.079142857142832509e+04 9.110590603618286347e-17 5.709622374661233248e-18
3.080152380952356543e+04 9.542291851630685689e-17 5.875470965194230002e-18
3.081161904761880578e+04 1.011476361464042058e-16 6.594216082880045348e-18
3.082171428571404249e+04 9.014248191394232147e-17 5.697176017309797825e-18
3.083180952380927920e+04 9.627340837591123749e-17 5.382479020884991455e-18
3.084190476190451955e+04 1.005754087214040636e-16 5.907929175234354879e-18
3.085199999999975989e+04 9.462043532959935415e-17 6.067814872008660673e-18
3.086209523809499296e+04 8.448808802962918655e-17 5.449753253828460012e-18
3.087219047619022967e+04 9.742262893233407619e-17 5.286207567967019759e-18
3.088228571428547002e+04 9.831207766160425503e-17 6.067402426947197777e-18
3.089238095238071037e+04 7.591334224058120507e-17 5.526653659386976624e-18
3.090247619047594708e+04 7.213136953633694545e-17 5.526984950484985492e-18
3.091257142857118015e+04 7.007058326014480664e-17 5.734656840265358934e-18
3.092266666666642050e+04 6.785196674921435271e-17 6.111688264545037740e-18
3.093276190476166084e+04 6.493816108467178810e-17 5.778649991540285374e-18
3.094285714285689755e+04 7.921089502520270902e-17 6.060632049706064501e-18
3.095295238095213426e+04 9.456520595141593947e-17 6.438395703651568855e-18
3.096304761904737461e+04 7.541252964365762764e-17 5.980304487460792238e-18
3.097314285714261496e+04 8.386493591721623618e-17 5.521702021149445073e-18
3.098323809523784803e+04 8.758921820619242609e-17 5.788541564423667250e-18
3.099333333333308474e+04 9.345017065100221256e-17 5.593274236415457740e-18
3.100342857142832509e+04 9.462371153587613629e-17 5.770567353719949644e-18
3.101352380952356543e+04 1.075349364864071231e-16 7.100038499148009855e-18
3.102361904761880214e+04 1.115761241282857865e-16 6.008033684991985794e-18
3.103371428571403521e+04 1.008726691270605494e-16 6.083479289934457595e-18
3.104380952380927556e+04 1.128826527216181334e-16 6.063858614427310326e-18
3.105390476190451591e+04 1.117899322286663618e-16 6.533792298477131363e-18
3.106399999999975262e+04 1.025009879340593079e-16 6.409188981122773982e-18
3.107409523809498933e+04 1.050821288679176560e-16 6.132536972443409127e-18
3.108419047619022967e+04 1.049985078194742726e-16 7.054402909659505917e-18
3.109428571428547002e+04 9.928398821060971704e-17 5.823148301909425881e-18
3.110438095238070309e+04 1.044675325373768091e-16 5.505004941425735266e-18
3.111447619047593980e+04 1.000047040054009426e-16 5.529396082449421116e-18
3.112457142857118015e+04 1.013271804176032680e-16 5.770301716494121765e-18
3.113466666666642050e+04 1.032279405700108646e-16 5.715185527100252109e-18
3.114476190476165721e+04 9.128377502660047545e-17 5.872397504208660091e-18
3.115485714285689028e+04 8.202743804417441262e-17 6.006305842087815714e-18
3.116495238095213062e+04 9.601337598183405904e-17 6.520979191436550210e-18
3.117504761904737097e+04 8.648440581685095755e-17 5.609215826547831869e-18
3.118514285714260768e+04 1.089384432933303673e-16 5.933162995262484760e-18
3.119523809523784439e+04 9.350979836374244384e-17 5.413309824883980149e-18
3.120533333333308474e+04 9.154564277805983584e-17 5.550692424151492983e-18
3.121542857142832509e+04 1.103620444715341138e-16 6.476791485935386202e-18
3.122552380952355816e+04 9.900576502307160911e-17 5.726285429424424551e-18
3.123561904761879487e+04 8.431815962121689280e-17 5.600210033118577318e-18
3.124571428571403521e+04 9.639446559455579582e-17 5.890672025758089244e-18
3.125580952380927556e+04 8.941182579724909659e-17 5.408374560843530233e-18
3.126590476190451227e+04 1.004324333495694887e-16 5.246168276396778441e-18
3.127599999999974898e+04 9.588103046727982591e-17 5.778693015719455869e-18
3.128609523809498569e+04 1.022618864575910051e-16 7.479976554442197087e-18
3.129619047619022604e+04 1.009806457736156735e-16 5.620448280862130355e-18
3.130628571428546275e+04 9.325694910140838775e-17 5.695957698674331931e-18
3.131638095238069945e+04 1.011743819488444066e-16 5.511331329771515875e-18
3.132647619047593980e+04 1.046607012754571879e-16 5.491015681304749680e-18
3.133657142857118015e+04 1.000320878181401722e-16 5.339410798416708628e-18
3.134666666666641322e+04 8.871457160756891147e-17 6.180810973364038641e-18
3.135676190476164993e+04 9.745652559785101361e-17 5.882354382559590231e-18
3.136685714285689028e+04 9.570595890142210374e-17 5.517261506288049779e-18
3.137695238095213062e+04 1.013044168729691593e-16 5.507418476599567420e-18
3.138704761904736733e+04 9.862044326398667366e-17 5.515862942795771116e-18
3.139714285714260404e+04 9.960132788700371068e-17 5.766409049154457479e-18
3.140723809523784075e+04 1.019031667083892843e-16 6.896088734858391491e-18
3.141733333333308110e+04 1.008365073768693789e-16 5.867995680532323251e-18
3.142742857142831781e+04 9.324848228089489550e-17 5.723911371740916369e-18
3.143752380952355452e+04 1.032034967451195662e-16 5.618190044297827153e-18
3.144761904761879487e+04 9.797810445195661090e-17 5.450058103183377415e-18
3.145771428571403521e+04 9.996321413296063883e-17 5.641364798479013744e-18
3.146780952380927192e+04 9.156562853168486462e-17 5.644998579598421489e-18
3.147790476190450499e+04 9.752412074541447988e-17 7.002536822778721377e-18
3.148799999999974534e+04 8.945971882990695497e-17 5.608519532109166012e-18
3.149809523809498569e+04 1.061291252357500419e-16 5.666173695355873229e-18
3.150819047619022240e+04 9.843510438823389064e-17 5.509429852091975419e-18
3.151828571428545911e+04 1.000302324375004516e-16 5.183491253125859251e-18
3.152838095238069945e+04 1.038397940487919909e-16 5.691039541029157162e-18
3.153847619047593616e+04 9.603767341010839848e-17 5.643020864537108586e-18
3.154857142857117287e+04 1.015744142354009908e-16 6.340582583502737249e-18
3.155866666666640958e+04 9.470676208685842573e-17 6.162423073150815192e-18
3.156876190476164993e+04 9.880915626767577342e-17 5.670078238291899585e-18
3.157885714285689028e+04 1.052626052135653994e-16 7.551802147931618043e-18
3.158895238095212699e+04 1.080062868712882066e-16 7.239849056448160557e-18
3.159904761904736006e+04 1.031330597782189699e-16 6.720103093278434274e-18
3.160914285714260041e+04 9.072559985776623456e-17 6.266040070735760819e-18
3.161923809523784075e+04 9.274148487303664169e-17 5.763324413393718729e-18
3.162933333333307746e+04 1.038889745188131125e-16 5.614577369563079958e-18
3.163942857142831417e+04 9.594709184394140440e-17 5.627541644218653272e-18
3.164952380952355452e+04 1.033571181728074542e-16 6.059866127117489277e-18
3.165961904761879487e+04 9.857525454776127332e-17 5.672632501149782953e-18
3.166971428571402794e+04 1.126235501923354024e-16 5.945641330431482573e-18
3.167980952380926465e+04 1.083724139579703543e-16 6.297284023819554602e-18
3.168990476190450499e+04 9.852557481501655861e-17 5.798925082812575708e-18
3.169999999999974534e+04 1.010775796856103819e-16 5.674012059190481976e-18
3.171009523809498205e+04 9.295332891840668320e-17 5.655224877076976536e-18
3.172019047619021512e+04 9.899386495337002667e-17 5.451275649181052886e-18
3.173028571428545547e+04 9.288624575426355129e-17 5.366488512901130753e-18
3.174038095238069582e+04 1.070819251504244274e-16 5.725398552889194355e-18
3.175047619047593253e+04 1.069208337844058900e-16 6.754294380753959726e-18
3.176057142857116924e+04 9.486814408675159603e-17 5.768875433292611259e-18
3.177066666666640958e+04 1.017881955565504927e-16 5.412186016010989291e-18
3.178076190476164993e+04 9.455571909841688273e-17 5.460670890710046212e-18
3.179085714285688300e+04 1.067973259624156966e-16 5.695883761021772457e-18
3.180095238095211971e+04 1.015195895318772143e-16 5.779120082708847097e-18
3.181104761904736006e+04 1.128252421869366498e-16 6.753019984280227442e-18
3.182114285714260041e+04 1.006585007373329094e-16 6.193784186140419842e-18
3.183123809523783711e+04 1.065295902346948730e-16 6.250078240346016340e-18
3.184133333333307019e+04 1.056698689729963700e-16 5.720978987585300805e-18
3.185142857142831053e+04 1.038194611803347958e-16 5.751584462861357786e-18
3.186152380952355088e+04 9.423541104123409166e-17 5.388133022425096018e-18
3.187161904761878759e+04 8.481509961562103840e-17 5.362404415260530923e-18
3.188171428571402430e+04 1.040088214031779569e-16 6.502057751380318300e-18
3.189180952380926465e+04 9.677166326136207847e-17 6.101329478383716947e-18
3.190190476190450499e+04 1.044377079014446790e-16 6.088920282237456232e-18
3.191199999999973807e+04 1.050598751604574494e-16 5.530247074861083582e-18
3.192209523809497477e+04 9.561722182310523741e-17 5.355209392261080551e-18
3.193219047619021512e+04 9.810440500392663137e-17 5.780706196561030797e-18
3.194228571428545547e+04 9.887590793278287415e-17 6.112065741862272077e-18
3.195238095238069218e+04 9.143739913992927418e-17 5.376351355802603603e-18
3.196247619047592525e+04 9.411559215161480989e-17 5.334684640756480273e-18
3.197257142857116560e+04 9.773802619232771980e-17 5.581634360127622682e-18
3.198266666666640594e+04 9.986200757068128929e-17 5.977739985560397922e-18
3.199276190476164265e+04 1.035692245570803420e-16 6.156225415100321400e-18
3.200285714285687936e+04 9.515008706956337137e-17 5.760386977104745095e-18
3.201295238095211971e+04 9.845645901516178633e-17 6.533732068020624635e-18
3.202304761904736006e+04 1.009402649401836565e-16 5.931298800117303603e-18
3.203314285714259313e+04 1.012026871400403353e-16 5.841949782124913292e-18
3.204323809523782984e+04 1.054027293025385391e-16 5.838156090349449897e-18
3.205333333333307019e+04 9.249781182007947795e-17 5.632919221586336189e-18
3.206342857142831053e+04 9.689315441821008455e-17 5.723286837335763146e-18
3.207352380952354724e+04 1.065242969064677293e-16 5.529685588224387183e-18
3.208361904761878031e+04 8.985351977970547983e-17 6.388025097747025558e-18
3.209371428571402066e+04 9.495289730980369133e-17 6.113992908291087480e-18
3.210380952380926101e+04 9.571620124032517462e-17 6.147013018040812412e-18
3.211390476190449772e+04 1.047462833937784367e-16 6.024258072299518038e-18
3.212399999999973443e+04 9.815801600173281562e-17 5.816219749889391433e-18
3.213409523809497477e+04 9.192174425255713134e-17 6.750924518036398267e-18
3.214419047619021512e+04 1.093537097673300756e-16 7.226571647018969004e-18
3.215428571428544819e+04 1.091728924680432732e-16 6.809004258082693854e-18
3.216438095238068490e+04 9.883849541488123480e-17 6.870012203180406767e-18
3.217447619047592525e+04 9.404495408827130050e-17 5.674225763670479892e-18
3.218457142857116560e+04 9.849637414125157514e-17 5.670206823159334225e-18
3.219466666666640231e+04 9.074539801042977231e-17 5.327975023117757138e-18
3.220476190476163538e+04 9.847174274536493679e-17 6.500554829822641792e-18
3.221485714285687573e+04 1.014853112762956843e-16 5.876580097467701182e-18
3.222495238095211607e+04 9.001219534834991344e-17 6.603443123949978165e-18
3.223504761904735278e+04 9.362657487346681460e-17 6.011524335318973917e-18
3.224514285714258949e+04 9.349651656022183310e-17 5.943556238064743931e-18
3.225523809523782984e+04 9.263609180152137956e-17 5.951478550597544598e-18
3.226533333333307019e+04 1.010787117672804817e-16 6.546693298331230265e-18
3.227542857142830326e+04 1.033436268978366917e-16 6.383658653388047672e-18
3.228552380952353997e+04 9.519050519342357367e-17 7.181603009421178263e-18
3.229561904761878031e+04 9.774245081582473974e-17 6.492003860629806265e-18
3.230571428571402066e+04 9.406519940702689701e-17 6.056090859866736704e-18
3.231580952380925737e+04 1.001135663495560212e-16 5.834397966629047228e-18
3.232590476190449044e+04 8.592408478061501188e-17 5.674443579682724450e-18
3.233599999999973079e+04 9.966758204599186718e-17 6.018948928544828555e-18
3.234609523809497114e+04 1.002301184384411180e-16 6.522847004799920322e-18
3.235619047619020785e+04 1.040669211240106379e-16 6.091137738909664484e-18
3.236628571428544456e+04 9.251713773879683183e-17 6.175408724157958535e-18
3.237638095238068490e+04 1.013101865583019578e-16 5.888318374417834306e-18
3.238647619047592525e+04 1.066873149451256934e-16 6.075745550732235775e-18
3.239657142857115832e+04 8.735201290662577330e-17 6.072449691594450460e-18
3.240666666666639503e+04 1.013584163234352697e-16 7.041884840042343633e-18
3.241676190476163538e+04 8.664820839473600070e-17 5.675614330486334579e-18
3.242685714285687573e+04 9.798315689710725021e-17 5.986062497422679601e-18
3.243695238095211243e+04 8.684279857062068310e-17 5.560534599035560086e-18
3.244704761904734914e+04 8.785661645898801847e-17 5.383942606426248895e-18
3.245714285714258585e+04 8.978186324005970057e-17 5.652327924145668880e-18
3.246723809523782620e+04 9.480800043990484143e-17 5.800535855092340170e-18
3.247733333333306291e+04 9.543065533671015097e-17 6.626734758335249861e-18
3.248742857142829962e+04 8.807370486530885890e-17 5.994814975613822141e-18
3.249752380952353997e+04 9.773580255230283686e-17 5.935675499304381404e-18
3.250761904761878031e+04 1.026791166415012251e-16 5.815320874803105051e-18
3.251771428571401339e+04 1.075150680462355127e-16 5.838734252232145315e-18
3.252780952380925009e+04 9.612449034966155065e-17 6.319110955139755777e-18
3.253790476190449044e+04 1.008231895178129348e-16 6.446707333888229471e-18
3.254799999999973079e+04 9.711925454331782110e-17 7.048640097683941886e-18
3.255809523809496750e+04 9.687601311945737592e-17 5.860506569930574484e-18
3.256819047619020421e+04 1.005512031203337470e-16 5.745047948688728388e-18
3.257828571428544456e+04 9.679171431062087956e-17 5.584826745462854342e-18
3.258838095238068126e+04 8.923037657967519416e-17 5.733398252739607172e-18
3.259847619047591797e+04 9.796101369063492158e-17 6.211984868899129277e-18
3.260857142857115468e+04 1.018924129216007939e-16 6.621245016209652016e-18
3.261866666666639503e+04 9.628659274592655387e-17 5.624906435835442102e-18
3.262876190476163538e+04 9.617797838739726077e-17 5.219558377162447666e-18
3.263885714285687209e+04 9.182910191344620289e-17 5.490752580849605540e-18
3.264895238095210516e+04 1.064434894983132678e-16 5.798828979216469531e-18
3.265904761904734551e+04 9.899917387728388518e-17 5.406482454675698323e-18
3.266914285714258585e+04 1.054159839203322183e-16 6.105280026605626631e-18
3.267923809523782256e+04 9.320499293230681200e-17 6.007208078237410968e-18
3.268933333333305927e+04 8.992936069233155183e-17 5.530545617585528158e-18
3.269942857142829962e+04 9.545363546388498547e-17 5.998952589008629139e-18
3.270952380952353997e+04 1.051867885975887581e-16 6.292836840221105285e-18
3.271961904761877304e+04 1.077313824252951556e-16 6.146531137854590926e-18
3.272971428571400975e+04 9.908851414107576762e-17 6.100456682619991913e-18
3.273980952380925009e+04 9.933160635559723934e-17 6.083411987586670298e-18
3.274990476190449044e+04 9.534933399471360923e-17 9.778250363143108554e-18
3.275999999999972715e+04 1.176756794261702368e-16 7.398220830630006151e-18
3.277009523809496022e+04 1.015085588259310890e-16 6.972676288101136932e-18
3.278019047619020421e+04 1.052070098332090396e-16 7.101820395110481227e-18
3.279028571428544092e+04 nan 2.790171208759268837e-07
3.280038095238067763e+04 nan 2.788453966019976053e-07
3.281047619047591434e+04 nan 2.786738308137948085e-07
3.282057142857115105e+04 nan 2.785024233163547493e-07
3.283066666666639503e+04 nan 2.783311739150135334e-07
3.284076190476163174e+04 nan 2.781600824154063221e-07
3.285085714285686117e+04 nan 2.779891486234669085e-07
3.286095238095210516e+04 nan 2.778183723454268182e-07
3.287104761904734187e+04 nan 2.776477533878156262e-07
3.288114285714257858e+04 nan 2.774772915574595808e-07
3.289123809523781529e+04 nan 2.773069866614812332e-07
3.290133333333305927e+04 nan 2.771368385072991196e-07
3.291142857142829598e+04 nan 2.769668469026271259e-07
3.292152380952353269e+04 nan 2.767970116554739056e-07
3.293161904761876940e+04 nan 2.766273325741422972e-07
3.294171428571400611e+04 nan 2.764578094672286892e-07
3.295180952380925009e+04 nan 2.762884421436228610e-07
3.296190476190448680e+04 nan 2.761192304125071890e-07
3.297199999999972351e+04 nan 2.759501740833560113e-07
3.298209523809496022e+04 nan 2.757812729659351512e-07
3.299219047619019693e+04 nan 2.756125268703015467e-07
3.300228571428543364e+04 nan 2.754439356068026678e-07
3.301238095238067035e+04 nan 2.752754989860758291e-07
3.302247619047591434e+04 nan 2.751072168190475535e-07
3.303257142857115105e+04 nan 2.749390889169336259e-07
3.304266666666638775e+04 nan 2.747711150912380343e-07
3.305276190476162446e+04 nan 2.746032951537524399e-07
3.306285714285686117e+04 nan 2.744356289165558072e-07
3.307295238095210516e+04 nan 2.742681161920140330e-07
3.308304761904734187e+04 nan 2.741007567927792583e-07
3.309314285714257858e+04 nan 2.739335505317891270e-07
3.310323809523781529e+04 nan 2.737664972222665217e-07
3.311333333333305200e+04 nan 2.735995966777191924e-07
3.312342857142828871e+04 nan 2.734328487119389100e-07
3.313352380952352541e+04 nan 2.732662531390009897e-07
3.314361904761876940e+04 nan 2.730998097732639204e-07
3.315371428571400611e+04 nan 2.729335184293688882e-07
3.316380952380924282e+04 nan 2.727673789222391411e-07
3.317390476190447953e+04 nan 2.726013910670793540e-07
3.318399999999971624e+04 nan 2.724355546793751519e-07
3.319409523809496022e+04 nan 2.722698695748931099e-07
3.320419047619019693e+04 nan 2.721043355696794832e-07
3.321428571428543364e+04 nan 2.719389524800602063e-07
3.322438095238067035e+04 nan 2.717737201226399936e-07
3.323447619047590706e+04 nan 2.716086383143022862e-07
3.324457142857114377e+04 nan 2.714437068722086169e-07
3.325466666666638048e+04 nan 2.712789256137976567e-07
3.326476190476162446e+04 nan 2.711142943567852686e-07
3.327485714285686117e+04 nan 2.709498129191636068e-07
3.328495238095209788e+04 nan 2.707854811192012231e-07
3.329504761904733459e+04 nan 2.706212987754417432e-07
3.330514285714257130e+04 nan 2.704572657067036551e-07
3.331523809523781529e+04 nan 2.702933817320804147e-07
3.332533333333305200e+04 nan 2.701296466709390167e-07
3.333542857142828871e+04 nan 2.699660603429201533e-07
3.334552380952352541e+04 nan 2.698026225679372613e-07
3.335561904761876940e+04 nan 2.696393331661764693e-07
3.336571428571399883e+04 nan 2.694761919580959091e-07
3.337580952380923554e+04 nan 2.693131987644250808e-07
3.338590476190447953e+04 nan 2.691503534061644294e-07
3.339599999999971624e+04 nan 2.689876557045850265e-07
3.340609523809495295e+04 nan 2.688251054812280416e-07
3.341619047619018966e+04 nan 2.686627025579040006e-07
3.342628571428542637e+04 nan 2.685004467566924683e-07
3.343638095238067035e+04 nan 2.683383378999416248e-07
3.344647619047590706e+04 nan 2.681763758102677890e-07
3.345657142857114377e+04 nan 2.680145603105548364e-07
3.346666666666638048e+04 nan 2.678528912239534579e-07
3.347676190476162446e+04 nan 2.676913683738812656e-07
3.348685714285685390e+04 nan 2.675299915840221046e-07
3.349695238095209061e+04 nan 2.673687606783251002e-07
3.350704761904733459e+04 nan 2.672076754810047108e-07
3.351714285714257130e+04 nan 2.670467358165401984e-07
3.352723809523780801e+04 nan 2.668859415096749936e-07
3.353733333333304472e+04 nan 2.667252923854160597e-07
3.354742857142828143e+04 nan 2.665647882690338407e-07
3.355752380952352541e+04 nan 2.664044289860614133e-07
3.356761904761876212e+04 nan 2.662442143622943818e-07
3.357771428571399883e+04 nan 2.660841442237900306e-07
3.358780952380923554e+04 nan 2.659242183968669008e-07
3.359790476190447953e+04 nan 2.657644367081045256e-07
3.360799999999970896e+04 nan 2.656047989843431656e-07
3.361809523809494567e+04 nan 2.654453050526825379e-07
3.362819047619018966e+04 nan 2.652859547404820283e-07
3.363828571428542637e+04 nan 2.651267478753601091e-07
3.364838095238066308e+04 nan 2.649676842851938617e-07
3.365847619047589978e+04 nan 2.648087637981183427e-07
3.366857142857113649e+04 nan 2.646499862425261060e-07
3.367866666666638048e+04 nan 2.644913514470671512e-07
3.368876190476161719e+04 nan 2.643328592406480227e-07
3.369885714285685390e+04 nan 2.641745094524314922e-07
3.370895238095209061e+04 nan 2.640163019118360828e-07
3.371904761904733459e+04 nan 2.638582364485356979e-07
3.372914285714256403e+04 nan 2.637003128924591446e-07
3.373923809523780074e+04 nan 2.635425310737895520e-07
3.374933333333304472e+04 nan 2.633848908229638943e-07
3.375942857142828143e+04 nan 2.632273919706727790e-07
3.376952380952351814e+04 nan 2.630700343478599177e-07
3.377961904761875485e+04 nan 2.629128177857213849e-07
3.378971428571399156e+04 nan 2.627557421157055651e-07
3.379980952380923554e+04 nan 2.625988071695123585e-07
3.380990476190447225e+04 nan 2.624420127790930754e-07
3.381999999999970896e+04 nan 2.622853587766497478e-07
3.383009523809494567e+04 nan 2.621288449946344411e-07
3.384019047619018966e+04 nan 2.619724712657495192e-07
3.385028571428541909e+04 nan 2.618162374229466383e-07
3.386038095238065580e+04 nan 2.616601432994263762e-07
3.387047619047589978e+04 nan 2.615041887286378092e-07
3.388057142857113649e+04 nan 2.613483735442781943e-07
3.389066666666637320e+04 nan 2.611926975802924926e-07
3.390076190476160991e+04 nan 2.610371606708727340e-07
3.391085714285684662e+04 nan 2.608817626504578057e-07
3.392095238095209061e+04 nan 2.607265033537328699e-07
3.393104761904732732e+04 nan 2.605713826156290985e-07
3.394114285714256403e+04 nan 2.604164002713229858e-07
3.395123809523780074e+04 nan 2.602615561562359771e-07
3.396133333333304472e+04 nan 2.601068501060343103e-07
3.397142857142827415e+04 nan 2.599522819566281688e-07
3.398152380952351086e+04 nan 2.597978515441716287e-07
3.399161904761875485e+04 nan 2.596435587050617055e-07
3.400171428571399156e+04 nan 2.594894032759386721e-07
3.401180952380922827e+04 nan 2.593353850936848411e-07
3.402190476190446498e+04 nan 2.591815039954247764e-07
3.403199999999970169e+04 nan 2.590277598185242876e-07
3.404209523809494567e+04 nan 2.588741524005905356e-07
3.405219047619018238e+04 nan 2.587206815794713977e-07
3.406228571428541909e+04 nan 2.585673471932548318e-07
3.407238095238065580e+04 nan 2.584141490802686123e-07
3.408247619047589978e+04 nan 2.582610870790800119e-07
3.409257142857112922e+04 nan 2.581081610284953787e-07
3.410266666666636593e+04 nan 2.579553707675593413e-07
3.411276190476160991e+04 nan 2.578027161355548626e-07
3.412285714285684662e+04 nan 2.576501969720026040e-07
3.413295238095208333e+04 nan 2.574978131166604488e-07
3.414304761904732004e+04 nan 2.573455644095231853e-07
3.415314285714255675e+04 nan 2.571934506908218706e-07
3.416323809523780074e+04 nan 2.570414718010237254e-07
3.417333333333303744e+04 nan 2.568896275808318692e-07
3.418342857142827415e+04 nan 2.567379178711841023e-07
3.419352380952351086e+04 nan 2.565863425132531710e-07
3.420361904761875485e+04 nan 2.564349013484462906e-07
3.421371428571399156e+04 nan 2.562835942184046166e-07
3.422380952380922099e+04 nan 2.561324209650026620e-07
3.423390476190446498e+04 nan 2.559813814303481914e-07
3.424399999999970169e+04 nan 2.558304754567815860e-07
3.425409523809493840e+04 nan 2.556797028868756845e-07
3.426419047619017510e+04 nan 2.555290635634349890e-07
3.427428571428541909e+04 nan 2.553785573294955595e-07
3.428438095238065580e+04 nan 2.552281840283244839e-07
3.429447619047589251e+04 nan 2.550779435034197198e-07
3.430457142857112922e+04 nan 2.549278355985092472e-07
3.431466666666636593e+04 nan 2.547778601575506976e-07
3.432476190476160991e+04 nan 2.546280170247316192e-07
3.433485714285684662e+04 nan 2.544783060444682593e-07
3.434495238095207606e+04 nan 2.543287270614056166e-07
3.435504761904732004e+04 nan 2.541792799204167538e-07
3.436514285714255675e+04 nan 2.540299644666026382e-07
3.437523809523779346e+04 nan 2.538807805452919832e-07
3.438533333333303017e+04 nan 2.537317280020399245e-07
3.439542857142827415e+04 nan 2.535828066826285499e-07
3.440552380952351086e+04 nan 2.534340164330662109e-07
3.441561904761874757e+04 nan 2.532853570995869929e-07
3.442571428571398428e+04 nan 2.531368285286503985e-07
3.443580952380922099e+04 nan 2.529884305669409230e-07
3.444590476190446498e+04 nan 2.528401630613677374e-07
3.445599999999970169e+04 nan 2.526920258590643176e-07
3.446609523809493112e+04 nan 2.525440188073879677e-07
3.447619047619017510e+04 nan 2.523961417539191854e-07
3.448628571428541181e+04 8.030892208449400827e-17 6.974710171833024324e-18
3.449638095238064852e+04 9.152227824332393689e-17 6.471583702758836027e-18
3.450647619047588523e+04 7.637165837160713261e-17 6.577695696078775049e-18
3.451657142857112922e+04 7.979376564390803280e-17 7.030801644970773940e-18
3.452666666666636593e+04 7.370733560233947019e-17 6.209891391819261524e-18
3.453676190476160264e+04 8.073278971428156690e-17 6.342714280189932307e-18
3.454685714285683935e+04 8.879337943444509880e-17 6.491521811000559472e-18
3.455695238095207606e+04 8.753144384973890209e-17 6.354978698820017623e-18
3.456704761904732004e+04 8.145156112950551463e-17 6.262348703694651292e-18
3.457714285714255675e+04 8.593177564860042450e-17 5.802243940468962230e-18
3.458723809523778618e+04 9.922393571834140647e-17 8.663877755914808445e-18
3.459733333333303017e+04 9.055693396697930667e-17 6.516357059018072076e-18
3.460742857142826688e+04 8.345071740222070229e-17 6.345443305420689721e-18
3.461752380952350359e+04 9.216291816104006684e-17 7.257309653811535266e-18
3.462761904761874030e+04 9.381997159958242262e-17 6.970165722456104376e-18
3.463771428571398428e+04 8.360173294401032481e-17 7.933705024103917934e-18
3.464780952380922099e+04 9.819385027943356006e-17 9.259485200134238451e-18
3.465790476190445770e+04 8.318355773446642466e-17 8.779805606529505056e-18
3.466799999999969441e+04 8.216888149610511887e-17 7.275106910274375499e-18
3.467809523809493112e+04 9.625486743565034538e-17 6.884761007311516779e-18
3.468819047619017510e+04 8.638085635015935590e-17 6.762269670059467033e-18
3.469828571428541181e+04 8.418056664317131060e-17 7.237188316763084376e-18
3.470838095238064125e+04 8.414874348372243070e-17 7.080477182129699638e-18
3.471847619047588523e+04 9.849499359118906143e-17 8.206797100479822020e-18
3.472857142857112194e+04 8.568243830099580349e-17 7.064691687925447135e-18
3.473866666666635865e+04 8.618748937107483492e-17 6.535738405546816008e-18
3.474876190476159536e+04 8.771948914355127144e-17 6.264817696084473452e-18
3.475885714285683935e+04 8.023812669826207710e-17 7.195517879467737905e-18
3.476895238095207606e+04 8.812518212760031869e-17 6.506065464177502240e-18
3.477904761904731276e+04 7.346899479079332096e-17 6.421757228460738138e-18
3.478914285714254947e+04 8.613447591461425924e-17 7.694905388076570563e-18
3.479923809523778618e+04 8.625893021310338125e-17 7.054404177281696890e-18
3.480933333333303017e+04 9.157583027856135491e-17 8.204171301358785006e-18
3.481942857142826688e+04 8.708321912022030086e-17 7.536331108432967394e-18
3.482952380952349631e+04 8.467366287047231260e-17 6.503760899901639056e-18
3.483961904761874030e+04 8.775835534793676139e-17 6.605424837013466517e-18
3.484971428571397701e+04 7.906636630776957530e-17 6.745551874881554488e-18
3.485980952380921372e+04 8.805945255275419305e-17 7.223467630819991521e-18
3.486990476190445042e+04 9.063060639081706520e-17 6.678675418575131835e-18
3.487999999999969441e+04 8.247376432317445133e-17 6.594294270896647804e-18
3.489009523809493112e+04 9.138855199415941820e-17 6.756937928121744327e-18
3.490019047619016783e+04 9.316017211831700977e-17 6.543096230076787986e-18
3.491028571428540454e+04 8.387405432280494900e-17 7.032310372573571779e-18
3.492038095238064125e+04 8.451884229958155678e-17 6.841557223532333362e-18
3.493047619047588523e+04 8.192650163132131830e-17 7.535375455359045077e-18
3.494057142857112194e+04 8.341488734869680242e-17 7.508086561564848777e-18
3.495066666666635138e+04 9.592427364432412740e-17 6.696088493962790844e-18
3.496076190476159536e+04 8.786186884931389819e-17 6.471752511952356471e-18
3.497085714285683207e+04 8.450449928798225331e-17 6.456511234456436275e-18
3.498095238095206878e+04 9.482838063408767798e-17 6.392706457299892688e-18
3.499104761904730549e+04 8.785709099748729358e-17 7.034291863019311668e-18
3.500114285714254947e+04 8.923749348269071463e-17 6.451919497415227178e-18
3.501123809523778618e+04 8.465384534274199633e-17 5.921987709690817019e-18
3.502133333333302289e+04 8.485143018229974223e-17 6.165012951236108377e-18
3.503142857142825960e+04 8.389929911378918020e-17 6.335873449345253870e-18
3.504152380952349631e+04 7.302483083199556748e-17 6.416400771563774791e-18
3.505161904761874030e+04 9.033996883443826407e-17 6.724776973064485651e-18
3.506171428571397701e+04 8.530908821129815738e-17 7.832650276406100321e-18
3.507180952380921372e+04 9.145536339446092758e-17 6.049362668801924982e-18
3.508190476190445042e+04 8.515459441956203695e-17 6.382094429689043710e-18
3.509199999999968713e+04 8.691448186064801724e-17 6.245519558537247946e-18
3.510209523809492384e+04 8.485678831386640204e-17 6.378015159622260811e-18
3.511219047619016055e+04 8.999988526585092389e-17 6.126653288756529057e-18
3.512228571428540454e+04 8.885346642163677755e-17 6.385144407798390243e-18
3.513238095238064125e+04 8.723901772083393677e-17 7.594247555336057904e-18
3.514247619047587796e+04 8.790537480530512473e-17 6.875006341580516902e-18
3.515257142857111467e+04 9.340293370082443358e-17 6.408380619491927553e-18
3.516266666666635138e+04 8.457310338518842208e-17 6.279414123811766048e-18
3.517276190476159536e+04 8.321164603962275238e-17 6.616175962369242930e-18
3.518285714285683207e+04 8.829174445446022834e-17 6.287555368951182890e-18
3.519295238095206878e+04 8.683642062507369741e-17 7.152067817913846352e-18
3.520304761904730549e+04 8.279458104787134006e-17 6.251866468950175938e-18
3.521314285714254220e+04 9.042256788798780512e-17 6.345169992030628958e-18
3.522323809523777891e+04 8.294143409555105170e-17 6.164661204464211485e-18
3.523333333333301562e+04 8.565816852847329340e-17 5.944653219930951647e-18
3.524342857142825960e+04 8.551921008141241906e-17 6.168001038163788021e-18
3.525352380952349631e+04 8.726877486429308162e-17 6.330069235335472432e-18
3.526361904761873302e+04 8.772921714214299086e-17 6.552229592540942232e-18
3.527371428571396973e+04 8.521794092751237582e-17 6.436065427237921301e-18
3.528380952380920644e+04 8.225495940158065576e-17 6.853812239601339037e-18
3.529390476190445042e+04 8.593667480953038914e-17 6.209917210476024887e-18
3.530399999999968713e+04 7.671943025801862445e-17 6.581059650213812847e-18
3.531409523809492384e+04 8.830161447875862126e-17 6.379121873935431558e-18
3.532419047619016055e+04 8.382362861636341200e-17 6.307449160341031858e-18
3.533428571428539726e+04 8.263783800248327502e-17 6.456402502820925105e-18
3.534438095238063397e+04 7.582643401904667449e-17 6.603234362828138557e-18
3.535447619047587068e+04 9.066644140538465841e-17 6.199279013730706517e-18
3.536457142857111467e+04 7.991994276050859158e-17 5.647173333886874555e-18
3.537466666666635138e+04 8.749049201943086969e-17 6.157558723697073999e-18
3.538476190476158808e+04 8.319778743636592372e-17 6.488224542754065749e-18
3.539485714285682479e+04 9.398329686292269852e-17 6.817850982126131920e-18
3.540495238095206150e+04 8.606224127351947172e-17 6.688708060907389307e-18
3.541504761904730549e+04 8.265537797289534331e-17 7.180497662678493847e-18
3.542514285714254220e+04 8.015572668700463250e-17 6.400284586055553870e-18
3.543523809523777891e+04 8.928607098291907069e-17 7.160471425587611125e-18
3.544533333333301562e+04 8.983199683926378274e-17 6.458748155859400410e-18
3.545542857142825960e+04 8.199994140517409180e-17 6.261119859382006874e-18
3.546552380952348904e+04 7.838693902868844701e-17 6.502737374016239730e-18
3.547561904761872574e+04 7.254870020748977267e-17 6.649919314241162639e-18
3.548571428571396973e+04 7.982429405939643563e-17 6.983578434929685853e-18
3.549580952380920644e+04 9.226641529890247656e-17 7.216898876317830726e-18
3.550590476190444315e+04 9.128873040813569770e-17 6.214910092882747571e-18
3.551599999999967986e+04 8.839606759815473031e-17 6.615848985678152298e-18
3.552609523809491657e+04 8.742096762092745569e-17 6.095537301502896898e-18
3.553619047619016055e+04 9.147787819616439645e-17 7.316971019062433148e-18
3.554628571428539726e+04 7.919553184882724776e-17 7.066097175654652834e-18
3.555638095238063397e+04 8.652156899883287267e-17 7.044016628527254612e-18
3.556647619047587068e+04 7.652236651119905829e-17 6.542542622006057776e-18
3.557657142857111467e+04 8.955829459400656589e-17 6.889020359728236012e-18
3.558666666666634410e+04 7.161921977469460598e-17 6.172136321373960812e-18
3.559676190476158081e+04 7.787190859473047791e-17 6.821297893769906910e-18
3.560685714285682479e+04 9.190021693060781328e-17 7.162261589090642979e-18
3.561695238095206150e+04 8.705900001305169010e-17 6.348593044924072991e-18
3.562704761904729821e+04 8.704066106301805937e-17 6.197868226093385825e-18
3.563714285714253492e+04 8.988265161913336862e-17 6.639404268177555568e-18
3.564723809523777163e+04 8.684760289564697121e-17 6.625718764380470356e-18
3.565733333333301562e+04 8.285005755912929819e-17 5.954487178906226502e-18
3.566742857142825233e+04 8.165481095718560687e-17 6.434062949583301612e-18
3.567752380952348904e+04 9.079082625053989271e-17 7.757346960394663267e-18
3.568761904761872574e+04 7.258259154911237949e-17 1.031075951239808272e-17
3.569771428571396973e+04 8.686322748355682903e-17 8.388553047891764063e-18
3.570780952380919916e+04 7.666502633969983728e-17 7.823220535239033036e-18
3.571790476190443587e+04 8.539300869407549958e-17 7.012397208366999773e-18
3.572799999999967986e+04 7.947468098064011132e-17 6.631373615867758649e-18
3.573809523809491657e+04 7.523011650518228655e-17 6.011975552989605544e-18
3.574819047619015328e+04 8.798256667982539232e-17 6.901896623847781354e-18
3.575828571428538999e+04 8.261686531932625680e-17 6.920312208212335196e-18
3.576838095238062670e+04 7.503419922958132321e-17 6.355254022120513080e-18
3.577847619047587068e+04 9.163217077116665725e-17 6.281035797877194586e-18
3.578857142857110739e+04 7.294110155423906767e-17 6.275301750260097175e-18
3.579866666666634410e+04 7.812402703376586483e-17 7.203507587028294121e-18
3.580876190476158081e+04 8.280223191547410070e-17 6.747278901276385539e-18
3.581885714285682479e+04 7.577313278153396735e-17 6.765046075541221386e-18
3.582895238095205423e+04 7.908282051641576666e-17 6.533499629893399267e-18
3.583904761904729094e+04 8.553118450325664477e-17 6.707785903392220640e-18
3.584914285714253492e+04 8.150719407404250627e-17 7.172526078042063844e-18
3.585923809523777163e+04 8.748912229093580231e-17 6.570275069675729116e-18
3.586933333333300834e+04 8.105106949641551498e-17 6.626390430789195705e-18
3.587942857142824505e+04 7.951455072624917884e-17 7.011877950581033968e-18
3.588952380952348176e+04 7.781902255661446788e-17 7.529831849215756433e-18
3.589961904761872574e+04 7.261976250427122875e-17 6.753740420282569489e-18
3.590971428571396245e+04 8.011773244918247761e-17 8.551796343615638288e-18
3.591980952380919916e+04 8.787686894569318759e-17 6.645569255248719440e-18
3.592990476190443587e+04 8.238164412071069390e-17 6.766826083728643863e-18
3.593999999999967986e+04 8.678411860655368092e-17 6.093817676372461743e-18
3.595009523809490929e+04 9.169258150708811304e-17 7.128135739401823713e-18
3.596019047619014600e+04 7.802168942960855126e-17 7.499865077146997158e-18
3.597028571428538999e+04 8.985697410301679320e-17 6.597079906443016282e-18
3.598038095238062670e+04 8.742961974788153836e-17 6.736376097122402231e-18
3.599047619047586340e+04 8.107115066779513105e-17 7.038435245380926248e-18
3.600057142857110011e+04 7.188798993254712957e-17 7.285379374781915797e-18
3.601066666666633682e+04 8.414406631894597976e-17 6.709081215760928668e-18
3.602076190476158081e+04 8.504010573728815293e-17 6.622583915990224600e-18
3.603085714285681752e+04 8.099808430586432596e-17 6.831207355734806789e-18
3.604095238095205423e+04 8.794379282710006521e-17 6.709118657178290706e-18
3.605104761904729094e+04 7.674208285894881818e-17 6.039066209570681781e-18
3.606114285714253492e+04 7.294385247094395241e-17 6.195794152660340459e-18
3.607123809523776436e+04 7.566651050818184549e-17 6.282804139342568144e-18
3.608133333333300106e+04 7.711077708506022903e-17 6.509827153242298802e-18
3.609142857142824505e+04 7.797152124254080008e-17 6.648329485936407087e-18
3.610152380952348176e+04 8.330599016931215508e-17 7.226601691808145411e-18
3.611161904761871847e+04 7.810987218097688403e-17 6.655971985932429576e-18
3.612171428571395518e+04 7.533421073241702213e-17 7.094313402482082273e-18
3.613180952380919189e+04 7.945699666597001548e-17 6.362796486250745227e-18
3.614190476190443587e+04 7.687026797877806718e-17 6.973599070578752057e-18
3.615199999999967258e+04 7.525189596770235954e-17 7.428186994734617380e-18
3.616209523809490929e+04 6.782289552736756131e-17 6.908813595547320613e-18
3.617219047619014600e+04 8.093619174162255122e-17 7.314970812005410094e-18
3.618228571428538999e+04 8.069079071563054451e-17 7.115078788965544790e-18
3.619238095238061942e+04 7.084713880698652780e-17 6.789524966468823278e-18
3.620247619047585613e+04 8.109925735669455371e-17 6.292225938763626007e-18
3.621257142857110011e+04 7.860441008519436963e-17 6.879228824577003097e-18
3.622266666666633682e+04 6.656771516922572125e-17 6.643395849275010068e-18
3.623276190476157353e+04 7.908834542766170781e-17 6.570037804734787423e-18
3.624285714285681024e+04 7.520105574696589694e-17 6.130210364446179770e-18
3.625295238095204695e+04 7.212884769148349712e-17 6.511649120069067157e-18
3.626304761904729094e+04 7.965210538187647155e-17 6.545030287941028385e-18
3.627314285714252765e+04 8.593901426241647311e-17 6.540273826708830456e-18
3.628323809523776436e+04 7.958971127018876768e-17 6.494982967089039203e-18
3.629333333333300106e+04 8.653178521655152301e-17 7.045595826892169710e-18
3.630342857142824505e+04 8.148493939206249966e-17 6.420965799975741312e-18
3.631352380952347448e+04 7.663878476565218692e-17 8.122392900024461557e-18
3.632361904761871119e+04 8.246356495449922966e-17 6.392122304562781296e-18
3.633371428571395518e+04 7.585623919664869429e-17 7.039352363592836754e-18
3.634380952380919189e+04 7.800078148477340450e-17 6.648332781367262100e-18
3.635390476190442860e+04 8.049827020912772107e-17 7.287166371210595773e-18
3.636399999999966531e+04 8.494848168344885126e-17 7.673551708889004462e-18
3.637409523809490929e+04 8.397668176163248300e-17 7.825775683246561969e-18
3.638419047619014600e+04 7.138614402883077951e-17 6.518712262396339393e-18
3.639428571428538271e+04 7.662641926059801450e-17 7.013315428005238514e-18
3.640438095238061942e+04 8.091672057082136852e-17 6.347707604638856840e-18
3.641447619047585613e+04 8.969218382637447846e-17 6.449166444304553976e-18
3.642457142857110011e+04 7.567509639701879843e-17 7.273813647269352545e-18
3.643466666666633682e+04 7.643637664527894871e-17 6.878074454519286607e-18
3.644476190476156626e+04 7.052955697503705639e-17 7.320756596943102037e-18
3.645485714285681024e+04 6.920966516715737575e-17 7.062383171358266426e-18
3.646495238095204695e+04 8.026288844742197861e-17 6.438592142145729187e-18
3.647504761904728366e+04 7.754565513320833806e-17 6.692867784355826867e-18
3.648514285714252037e+04 8.391838027158836605e-17 6.497999037711361646e-18
3.649523809523776436e+04 7.749863679352601528e-17 7.451085920819061418e-18
3.650533333333300106e+04 8.240339942148907413e-17 7.200454559690879285e-18
3.651542857142823777e+04 8.307274682443904285e-17 8.206546241562626837e-18
3.652552380952347448e+04 8.013091775588264166e-17 6.940862889497431497e-18
3.653561904761871119e+04 6.855633108876536659e-17 7.035316919759013928e-18
3.654571428571395518e+04 8.330126051097683683e-17 7.569203484343430206e-18
3.655580952380919189e+04 7.538869733295442982e-17 7.050403396211348414e-18
3.656590476190442132e+04 6.865177145111492851e-17 7.916053861125373215e-18
3.657599999999966531e+04 7.896367652558234145e-17 7.167104866487730833e-18
3.658609523809490202e+04 7.650972475501467049e-17 7.764579525592086312e-18
3.659619047619013872e+04 6.778761545442289162e-17 8.041428743988151560e-18
3.660628571428537543e+04 7.601647207826172918e-17 6.904153475312363192e-18
3.661638095238061942e+04 8.118700081784609952e-17 6.735978804186720179e-18
3.662647619047585613e+04 7.386434791097772206e-17 6.836589775599490368e-18
3.663657142857109284e+04 8.179861199099987251e-17 7.302320024897703855e-18
3.664666666666632955e+04 8.083319337525476108e-17 7.859658762649686187e-18
3.665676190476156626e+04 7.653221655479953764e-17 7.145276213546538496e-18
3.666685714285681024e+04 8.148499697441670819e-17 6.689301968608654712e-18
3.667695238095204695e+04 7.593634175431745825e-17 6.777815096526428464e-18
3.668704761904727638e+04 7.843690591869103021e-17 6.872239571488868907e-18
3.669714285714252037e+04 7.378356329346613945e-17 7.016914109114577221e-18
3.670723809523775708e+04 8.144873522905445675e-17 6.961285391564269502e-18
3.671733333333299379e+04 7.093921882035966785e-17 7.453206016095771445e-18
3.672742857142823050e+04 6.149668247360891151e-17 8.408450892797747688e-18
3.673752380952347448e+04 5.458175529720401384e-17 7.179417570587671728e-18
3.674761904761871119e+04 6.137416098926175130e-17 7.354716917533577236e-18
3.675771428571394790e+04 6.930543751036851083e-17 7.114807835540913943e-18
3.676780952380918461e+04 7.435662821114768336e-17 7.332300756041078223e-18
3.677790476190442132e+04 7.565497294361956495e-17 7.492088237829908803e-18
3.678799999999966531e+04 7.404507792167634160e-17 8.268490573927444500e-18
3.679809523809490202e+04 7.592032460359495432e-17 6.760154290788639403e-18
3.680819047619013145e+04 8.576339448839847652e-17 7.419051465287614012e-18
3.681828571428537543e+04 8.276726216650360353e-17 7.322850263915401379e-18
3.682838095238061214e+04 7.496417854716824555e-17 7.019587009395888999e-18
3.683847619047584885e+04 7.680817277309662542e-17 8.510330105034634815e-18
3.684857142857108556e+04 7.317254508170976792e-17 7.929557161257219810e-18
3.685866666666632955e+04 7.871938244720722233e-17 7.464297850701321223e-18
3.686876190476156626e+04 8.108062452442215157e-17 7.998952585834757593e-18
3.687885714285680297e+04 7.084478545777172808e-17 7.037980639997068038e-18
3.688895238095203968e+04 7.875708750089759172e-17 7.662498484066289129e-18
3.689904761904727638e+04 7.463159300021138855e-17 8.045127419005513953e-18
3.690914285714252037e+04 8.463263601272984380e-17 6.956811299358431465e-18
3.691923809523775708e+04 6.790418186921581583e-17 7.312451276551607948e-18
3.692933333333298651e+04 6.779138952839798127e-17 7.635070378522423345e-18
3.693942857142823050e+04 8.296429077845372244e-17 8.631449333526758539e-18
3.694952380952346721e+04 7.620753410189609333e-17 7.026552773855887545e-18
3.695961904761870392e+04 7.494252329829611834e-17 7.168404675791253676e-18
3.696971428571394063e+04 8.139346218714065667e-17 7.278767417791305738e-18
3.697980952380918461e+04 7.617967112532886369e-17 7.669936060501149853e-18
3.698990476190442132e+04 8.005000947644030165e-17 7.561735599441077812e-18
3.699999999999965803e+04 7.962865028668266136e-17 8.212180553499567830e-18
3.701009523809489474e+04 7.234559992891507636e-17 7.985926951035507536e-18
3.702019047619013145e+04 8.056507017724231178e-17 8.550342609593801568e-18
3.703028571428537543e+04 8.149244390141230817e-17 8.869474125856741642e-18
3.704038095238061214e+04 7.189703929468052248e-17 7.423770931379238602e-18
3.705047619047584158e+04 8.231452823964609076e-17 7.774306037571671974e-18
3.706057142857108556e+04 9.027855135993554405e-17 8.286510216486410568e-18
3.707066666666632227e+04 7.077671512308024845e-17 7.803249832415408171e-18
3.708076190476155898e+04 6.908335945973728582e-17 7.489259014768844975e-18
3.709085714285679569e+04 7.530416962944060113e-17 8.422579697794103989e-18
3.710095238095203968e+04 7.904827199527839942e-17 6.955803894467367509e-18
3.711104761904727638e+04 6.875251821612175275e-17 7.296050041730136929e-18
3.712114285714251309e+04 5.899518558633312117e-17 7.630634943070222586e-18
3.713123809523774980e+04 7.455459854445261166e-17 7.021555952174037635e-18
3.714133333333298651e+04 5.751879924501425126e-17 7.750199465605294789e-18
3.715142857142823050e+04 6.840166307386561309e-17 7.248330227791936609e-18
3.716152380952346721e+04 8.207121248276338827e-17 9.044487632588738656e-18
3.717161904761869664e+04 7.884543298829925337e-17 7.746619317311569238e-18
3.718171428571394063e+04 8.641789129095874744e-17 7.387287140203604040e-18
3.719180952380917734e+04 7.583928172890017160e-17 7.579044078775950030e-18
3.720190476190441404e+04 6.121576331517875754e-17 8.749592946945375894e-18
3.721199999999965075e+04 5.871012729976546843e-17 8.310478087653640606e-18
3.722209523809489474e+04 7.757357029509438256e-17 7.689328260200795862e-18
3.723219047619013145e+04 7.631401127498129621e-17 7.310270007941035491e-18
3.724228571428536816e+04 7.775744933698550403e-17 8.069167829206130900e-18
3.725238095238060487e+04 7.290262578630400441e-17 9.280958789381030190e-18
3.726247619047584158e+04 5.517120605740751403e-17 8.574653773675766644e-18
3.727257142857108556e+04 6.970262150731844004e-17 7.901955246805144825e-18
3.728266666666632227e+04 6.862820927747467431e-17 6.969639398944158807e-18
3.729276190476155898e+04 7.437201729915726601e-17 7.129467008178636782e-18
3.730285714285679569e+04 7.363264121441314654e-17 6.891005916418744879e-18
3.731295238095203240e+04 7.035261910976168835e-17 6.938170715098858974e-18
3.732304761904726911e+04 6.343850257522181913e-17 7.665870936890955480e-18
3.733314285714250582e+04 7.808667880527541878e-17 7.984896817988813183e-18
3.734323809523774980e+04 6.195732810543011159e-17 7.505982636510972984e-18
3.735333333333298651e+04 6.852248335287033520e-17 6.940971619623047487e-18
3.736342857142822322e+04 6.828717892893458174e-17 7.499560450925529857e-18
3.737352380952345993e+04 7.022490582401612372e-17 7.189231016845286973e-18
3.738361904761869664e+04 6.888497122620258285e-17 6.641888289144768817e-18
3.739371428571394063e+04 6.774668417260863507e-17 6.555843644589098663e-18
3.740380952380917734e+04 7.215202459937899024e-17 6.983008834529241384e-18
3.741390476190441404e+04 7.192533755879491863e-17 8.134458365730171995e-18
3.742399999999965075e+04 6.606149266585873017e-17 7.110245315626696851e-18
3.743409523809488746e+04 6.278930532035008556e-17 6.913619220245959486e-18
3.744419047619012417e+04 7.308920715400374835e-17 6.911901564242800094e-18
3.745428571428536088e+04 6.696345122955119917e-17 8.239900846266900669e-18
3.746438095238060487e+04 6.987643048608522113e-17 7.236320184453590815e-18
3.747447619047584158e+04 6.724291452288351567e-17 7.885992898022508466e-18
3.748457142857107829e+04 7.082918819720150008e-17 7.103128584509270865e-18
3.749466666666631500e+04 6.599098602827456547e-17 7.267463847824964161e-18
3.750476190476155170e+04 7.410484565891755666e-17 7.706489659820419384e-18
3.751485714285679569e+04 7.420713466486885025e-17 7.494820901816301103e-18
3.752495238095203240e+04 7.743252860506814119e-17 8.448220069635542879e-18
3.753504761904726911e+04 7.234701599577218337e-17 7.093277642185275675e-18
3.754514285714250582e+04 6.805145313272034854e-17 7.023227208180325511e-18
3.755523809523774253e+04 7.428678166281286699e-17 7.902135564935101709e-18
3.756533333333297924e+04 6.997350784089992004e-17 6.985915504534780854e-18
3.757542857142821595e+04 8.324708674859676562e-17 7.717327483578261935e-18
3.758552380952345993e+04 7.773732601035431982e-17 6.951665002817487500e-18
3.759561904761869664e+04 8.522773804864821829e-17 8.503543828014575707e-18
3.760571428571393335e+04 6.941544233625665622e-17 7.327149580368182787e-18
3.761580952380917006e+04 7.239073799882693095e-17 8.122064009479846225e-18
3.762590476190440677e+04 7.674645598924417178e-17 7.346449201365047991e-18
3.763599999999965075e+04 7.690052198621849833e-17 7.616958732043191669e-18
3.764609523809488746e+04 7.333365357682265554e-17 7.081743859600595996e-18
3.765619047619012417e+04 7.697574187017887461e-17 6.871911906900014855e-18
3.766628571428536088e+04 7.989822469355171024e-17 7.223760739705379375e-18
3.767638095238060487e+04 6.774597845038580939e-17 7.469346672827205103e-18
3.768647619047583430e+04 7.654512615344095638e-17 8.335475936330784647e-18
3.769657142857107101e+04 6.864161646400160409e-17 7.047761274852806683e-18
3.770666666666631500e+04 7.879828956122632572e-17 6.895840847077925257e-18
3.771676190476155170e+04 7.922972627911121822e-17 7.070183051132558871e-18
3.772685714285678841e+04 7.329990459247014991e-17 7.450406060588748602e-18
3.773695238095202512e+04 7.793843922256224461e-17 7.114587119101482283e-18
3.774704761904726183e+04 6.620263509139808001e-17 7.491792970430024310e-18
3.775714285714250582e+04 7.820264817205556299e-17 6.965273822732056727e-18
3.776723809523774253e+04 6.442781876199942929e-17 6.955143020822770791e-18
3.777733333333297924e+04 7.117754482887155650e-17 7.226401357578799840e-18
3.778742857142821595e+04 6.017511692144861355e-17 7.423031901881726627e-18
3.779752380952345993e+04 6.192891484365283518e-17 7.670875921794301157e-18
3.780761904761868936e+04 6.357506654658560932e-17 7.401127966243393914e-18
3.781771428571392607e+04 6.532389311614705392e-17 6.886071588638016710e-18
3.782780952380917006e+04 6.881481778478075727e-17 7.673837472705025315e-18
3.783790476190440677e+04 7.050618700063380991e-17 7.912408844113621583e-18
3.784799999999964348e+04 7.983523921034139692e-17 6.855227000988058530e-18
3.785809523809488019e+04 8.122945857104114930e-17 7.320629846047297186e-18
3.786819047619011690e+04 7.911278141136956903e-17 7.816061728751929199e-18
3.787828571428536088e+04 7.173700321159093726e-17 7.234770269843952164e-18
3.788838095238059759e+04 6.871152718025835049e-17 7.257219690807259003e-18
3.789847619047583430e+04 7.441930293434630827e-17 9.741359915876896802e-18
3.790857142857107101e+04 6.798467681371502903e-17 8.494471068577811693e-18
3.791866666666631500e+04 7.043039430034663693e-17 7.935709114667912447e-18
3.792876190476154443e+04 6.906314569827624936e-17 7.553232959453974719e-18
3.793885714285678114e+04 6.461362762308641460e-17 8.062484205015327475e-18
3.794895238095202512e+04 6.037319970970887365e-17 8.156184939939747750e-18
3.795904761904726183e+04 7.500252394943890205e-17 7.720732291697985011e-18
3.796914285714249854e+04 6.895597906255279159e-17 9.018310111707955545e-18
3.797923809523773525e+04 6.463837884088227090e-17 7.458828869727262471e-18
3.798933333333297196e+04 6.977753432127107529e-17 7.186318855078943972e-18
3.799942857142821595e+04 7.213575794390884337e-17 7.422664070642838075e-18
3.800952380952345266e+04 6.183126774131722684e-17 7.595794624220960360e-18
3.801961904761868936e+04 6.869218228007534369e-17 7.086476746728828201e-18
3.802971428571392607e+04 6.761844308809573007e-17 7.874909594519354189e-18
3.803980952380917006e+04 6.322006121153165018e-17 7.922590035725894153e-18
3.804990476190439949e+04 7.613800074044248986e-17 9.940897305481420429e-18
3.805999999999963620e+04 6.338011337446626482e-17 7.248756627688272419e-18
3.807009523809488019e+04 7.516112671904588874e-17 6.942604444636823831e-18
3.808019047619011690e+04 6.799277110995811162e-17 6.911620113160953365e-18
3.809028571428535361e+04 6.342364970898986451e-17 8.189328998644846086e-18
3.810038095238059032e+04 6.454216109769107755e-17 1.019062567186661034e-17
3.811047619047582702e+04 5.795021982865585636e-17 7.590078625102979474e-18
3.812057142857107101e+04 6.655954318634197116e-17 6.475565216911470514e-18
3.813066666666630772e+04 6.710489831942857655e-17 6.646504155254003381e-18
3.814076190476154443e+04 6.422516305785178363e-17 7.435201093966112565e-18
3.815085714285678114e+04 6.706176580538957675e-17 8.388771956274601160e-18
3.816095238095202512e+04 6.090348460504278774e-17 7.349358851928344778e-18
3.817104761904725456e+04 7.116734658777632640e-17 6.879498369309394791e-18
3.818114285714249127e+04 7.014446511241864632e-17 7.094263015341554675e-18
3.819123809523773525e+04 6.428293578395960925e-17 8.236909999412057684e-18
3.820133333333297196e+04 6.382615569473494239e-17 6.746192510967339968e-18
3.821142857142820867e+04 5.698025478262594543e-17 8.373831946728855409e-18
3.822152380952344538e+04 6.821933028147682410e-17 7.444848464590735723e-18
3.823161904761868209e+04 7.186768835754408529e-17 7.725729526866479944e-18
3.824171428571392607e+04 6.856686236864824565e-17 8.314588512913696805e-18
3.825180952380916278e+04 6.250032962603611924e-17 7.749506926540412684e-18
3.826190476190439949e+04 7.034476052678259532e-17 7.743531800549280777e-18
3.827199999999963620e+04 7.218944557890099935e-17 7.632822034293795744e-18
3.828209523809488019e+04 6.710794015165382124e-17 6.801585145314875282e-18
3.829219047619010962e+04 7.393793427605543388e-17 6.884989016359587669e-18
3.830228571428534633e+04 7.458544682800398281e-17 7.899634150211639036e-18
3.831238095238059032e+04 6.474274294280945990e-17 8.331925284790790396e-18
3.832247619047582702e+04 5.746532502508504079e-17 6.868829278228712617e-18
3.833257142857106373e+04 6.468784411048172811e-17 7.615052395446356736e-18
3.834266666666630044e+04 7.082650369199976374e-17 6.933536600206843001e-18
3.835276190476153715e+04 7.094557153341337484e-17 7.365297211424800927e-18
3.836285714285678114e+04 7.349871524930506360e-17 7.740208517859594736e-18
3.837295238095201785e+04 6.312771924741250294e-17 7.559196464801562561e-18
3.838304761904725456e+04 7.113541564644210994e-17 7.960736115647445207e-18
3.839314285714249127e+04 6.839620201667587425e-17 8.373611140437550347e-18
3.840323809523773525e+04 7.178356297912991000e-17 7.930149696090086081e-18
3.841333333333296468e+04 7.258478418825528947e-17 7.251861503753717794e-18
3.842342857142820139e+04 8.135823561837695987e-17 8.404829838190573038e-18
3.843352380952344538e+04 6.659134948145784358e-17 7.816294556986872055e-18
3.844361904761868209e+04 7.498224516058227880e-17 7.901960443611231836e-18
3.845371428571391880e+04 7.760551599646212561e-17 8.764015228642351735e-18
3.846380952380915551e+04 7.605528750211083924e-17 7.479462892468093279e-18
3.847390476190439222e+04 6.607600560146645271e-17 7.776613757138476019e-18
3.848399999999963620e+04 7.467666785404722921e-17 8.044680154584132753e-18
3.849409523809487291e+04 7.099729399787040251e-17 7.439671828921956056e-18
3.850419047619010962e+04 8.234492631907110623e-17 8.614146394180385384e-18
3.851428571428534633e+04 6.279104563270804844e-17 7.275391828645673988e-18
3.852438095238059032e+04 6.688644321686341960e-17 1.117633514489578577e-17
3.853447619047581975e+04 5.912146576441207913e-17 8.650863371938717310e-18
3.854457142857105646e+04 7.074589643210464759e-17 8.353578751880773009e-18
3.855466666666630044e+04 6.794392454946041915e-17 8.442342276085912132e-18
3.856476190476153715e+04 7.642247985009489655e-17 8.091177651678081046e-18
3.857485714285677386e+04 7.385733120260228440e-17 7.915075604226633162e-18
3.858495238095201057e+04 6.628727437109065043e-17 8.360472821965936245e-18
3.859504761904725456e+04 5.307707562614362707e-17 7.717590040641503633e-18
3.860514285714249127e+04 6.529363880724286084e-17 1.063138780656289511e-17
3.861523809523772798e+04 6.542837989609754604e-17 8.189817368074884327e-18
3.862533333333296468e+04 6.005186131091225937e-17 6.992259207813587339e-18
3.863542857142820139e+04 6.916340391129029331e-17 7.330105054128311802e-18
3.864552380952344538e+04 6.818790147194654608e-17 7.091460328873372573e-18
3.865561904761868209e+04 6.932259750441794011e-17 7.998714994447370680e-18
3.866571428571391152e+04 6.723622842366656984e-17 8.144822204176856033e-18
3.867580952380915551e+04 6.234324184726335611e-17 7.926976224408379176e-18
3.868590476190439222e+04 6.661877964780752296e-17 8.734588099630101111e-18
3.869599999999962893e+04 6.361665526887210637e-17 7.665388449073059234e-18
3.870609523809486564e+04 6.744648219879133226e-17 7.292127203533369490e-18
3.871619047619010962e+04 7.463569973938361706e-17 7.918691926346479471e-18
3.872628571428534633e+04 6.622970919574977076e-17 7.148282409533093200e-18
3.873638095238058304e+04 6.869779805872127652e-17 8.562706959315980570e-18
3.874647619047581975e+04 6.418955832612581388e-17 7.143038604878173089e-18
3.875657142857105646e+04 7.010172673988899957e-17 8.006890916053141721e-18
3.876666666666630044e+04 6.384927039427102920e-17 7.047136761131103371e-18
3.877676190476153715e+04 6.274905646794225704e-17 7.162990732099269093e-18
3.878685714285676659e+04 7.589094490905548180e-17 6.780132909782111999e-18
3.879695238095201057e+04 6.536868991496664126e-17 7.164999508672519029e-18
3.880704761904724728e+04 7.118010722419820166e-17 8.666568468806432742e-18
3.881714285714248399e+04 7.448531398391150388e-17 7.876640452783081430e-18
3.882723809523772070e+04 6.343305384174959633e-17 8.531985650924832069e-18
3.883733333333296468e+04 8.124766279320160573e-17 8.406928940163275644e-18
3.884742857142820139e+04 6.674715218806844323e-17 7.491553758120008875e-18
3.885752380952343810e+04 5.232662613867756531e-17 8.046086646251169825e-18
3.886761904761867481e+04 6.795070305290104325e-17 7.494503919733320502e-18
3.887771428571391152e+04 7.289462244880738249e-17 7.867966837881348647e-18
3.888780952380915551e+04 7.263842912806317385e-17 8.366459952407821684e-18
3.889790476190439222e+04 6.030871062791555423e-17 7.696806455672196710e-18
3.890799999999962165e+04 6.709579785615013955e-17 7.244618461189209973e-18
3.891809523809486564e+04 7.527919129206138326e-17 7.253801527203254243e-18
3.892819047619010234e+04 6.571567524299619027e-17 6.961433393805566786e-18
3.893828571428533905e+04 5.711828254267609836e-17 7.191924486011743376e-18
3.894838095238057576e+04 7.348558822324440933e-17 7.860252057692584269e-18
3.895847619047581975e+04 6.788277377578113217e-17 8.123697449209339902e-18
3.896857142857105646e+04 6.442648037655363084e-17 7.204079561027336625e-18
3.897866666666629317e+04 5.815758056942469662e-17 7.468871546544900793e-18
3.898876190476152988e+04 6.987262990178850268e-17 7.554314036560930419e-18
3.899885714285676659e+04 7.153431256646463823e-17 7.162733836218661758e-18
3.900895238095201057e+04 7.335300789811000763e-17 6.979821912316043159e-18
3.901904761904724728e+04 6.304637161129708323e-17 8.822896464738552745e-18
3.902914285714247671e+04 5.795339860701235608e-17 7.052026098307353290e-18
3.903923809523772070e+04 5.616574301819356894e-17 7.453730017154459710e-18
3.904933333333295741e+04 5.703963888333941041e-17 8.102088885923858519e-18
3.905942857142819412e+04 7.423591054909535606e-17 7.156505722036201617e-18
3.906952380952343083e+04 7.179478249989938898e-17 8.103259937929926560e-18
3.907961904761867481e+04 6.140207747769403837e-17 6.737421580148725925e-18
3.908971428571391152e+04 6.758924705064859974e-17 7.640500523348351518e-18
3.909980952380914823e+04 6.905407453989644694e-17 8.208867270858609099e-18
3.910990476190438494e+04 7.015582172606990497e-17 6.986060370600347885e-18
3.911999999999962165e+04 6.867888244419197886e-17 7.080957568785097429e-18
3.913009523809486564e+04 6.799944087044991454e-17 7.181859580983988314e-18
3.914019047619010234e+04 5.684786322847975810e-17 7.876320883710588101e-18
3.915028571428533178e+04 6.637034031061898046e-17 9.863964888218208854e-18
3.916038095238057576e+04 7.166723098441241874e-17 1.104260815079928777e-17
3.917047619047581247e+04 7.856267744255057567e-17 8.661719538718183412e-18
3.918057142857104918e+04 6.520378488067551980e-17 7.841109261015537669e-18
3.919066666666628589e+04 6.451324329973549580e-17 7.220283273570970587e-18
3.920076190476152988e+04 7.170290024041440273e-17 8.073770576501315370e-18
3.921085714285676659e+04 5.713287925773717264e-17 7.387271887129261456e-18
3.922095238095200330e+04 5.580876063330801432e-17 7.707597118102828648e-18
3.923104761904724000e+04 6.294216787569144137e-17 7.826754205195030397e-18
3.924114285714247671e+04 6.555852693423396874e-17 7.544221084516435044e-18
3.925123809523772070e+04 6.559530589452470980e-17 8.917975602762358904e-18
3.926133333333295741e+04 6.615045256460013256e-17 7.324875038932162390e-18
3.927142857142818684e+04 6.682643905644865386e-17 7.365625033207582491e-18
3.928152380952343083e+04 6.448375282166815806e-17 7.035632190918191434e-18
3.929161904761866754e+04 6.563882779236176819e-17 7.289165187548010004e-18
3.930171428571390425e+04 6.873388661829328450e-17 7.758807193888150289e-18
3.931180952380914096e+04 7.276454384169157679e-17 8.534465074782123770e-18
3.932190476190438494e+04 6.774322383186258960e-17 7.822687497187089875e-18
3.933199999999962165e+04 5.606269402051988036e-17 7.511044656566048327e-18
3.934209523809485836e+04 6.046495558608201118e-17 7.364342381008876097e-18
3.935219047619009507e+04 6.330980415528769129e-17 7.263987213094898694e-18
3.936228571428533178e+04 6.292889375912281497e-17 7.734911425506630705e-18
3.937238095238057576e+04 6.680186615795672527e-17 7.759688663974187609e-18
3.938247619047581247e+04 6.780820488894150100e-17 8.198732233808307322e-18
3.939257142857104191e+04 6.028017557904941510e-17 7.145409738011856458e-18
3.940266666666628589e+04 6.668739956943164906e-17 6.773563616645949297e-18
3.941276190476152260e+04 6.333962054964738169e-17 7.150002268794043063e-18
3.942285714285675931e+04 7.027447809154032994e-17 8.528205165120805243e-18
3.943295238095199602e+04 7.407730866874612289e-17 8.416266018572160075e-18
3.944304761904724000e+04 5.842864835287793334e-17 8.141614592600443257e-18
3.945314285714247671e+04 5.739359257880176946e-17 6.980061302230765167e-18
3.946323809523771342e+04 6.312799801335624376e-17 8.563897448831637476e-18
3.947333333333295013e+04 7.291757220981777768e-17 7.958062713143614369e-18
3.948342857142818684e+04 5.367529775780242490e-17 7.067810525177678055e-18
3.949352380952343083e+04 6.552514057095782802e-17 8.055191427501512293e-18
3.950361904761866754e+04 6.070385588021069128e-17 8.229233992694703955e-18
3.951371428571390425e+04 6.177111666929685170e-17 8.162241443140808912e-18
3.952380952380914096e+04 6.388197435410421273e-17 9.004725035586075935e-18
3.953390476190437766e+04 7.095338630089927125e-17 8.927197072071546099e-18
3.954399999999961437e+04 6.170946936110265498e-17 7.484903740631358694e-18
3.955409523809485108e+04 7.008263439272620087e-17 7.185183462782955806e-18
3.956419047619009507e+04 7.317879643392065967e-17 7.219007233979784805e-18
3.957428571428533178e+04 6.685765865212023996e-17 7.774013558434431632e-18
3.958438095238056849e+04 6.886259266612492418e-17 8.057294538521341275e-18
3.959447619047580520e+04 7.210042391937912369e-17 8.719034234770712256e-18
3.960457142857104191e+04 6.652578717561264272e-17 7.107976062905123292e-18
3.961466666666628589e+04 6.855698161411812716e-17 7.205756166286287963e-18
3.962476190476152260e+04 6.988366830445559463e-17 6.717219244361887284e-18
3.963485714285675931e+04 6.722432763834213815e-17 6.938204934971089881e-18
3.964495238095199602e+04 6.314151388776507852e-17 6.933804312661397890e-18
3.965504761904723273e+04 6.345675886994063469e-17 7.139935324955141331e-18
3.966514285714246944e+04 6.783941708898160488e-17 8.478673461972449338e-18
3.967523809523770615e+04 5.602965084651096787e-17 8.338658949645816035e-18
3.968533333333295013e+04 6.559165020416871035e-17 8.425189155152010006e-18
3.969542857142818684e+04 6.263972606416952131e-17 7.523159130937490524e-18
3.970552380952342355e+04 6.572236976477531378e-17 7.391994578140603892e-18
3.971561904761866026e+04 6.329158726774369465e-17 7.218694509580635910e-18
3.972571428571389697e+04 6.025100800394145112e-17 7.257097212137579193e-18
3.973580952380914096e+04 7.113799278187224095e-17 7.617351187040980647e-18
3.974590476190437766e+04 6.753003937118509590e-17 8.227699722370731768e-18
3.975599999999961437e+04 6.293617713984895924e-17 6.967083883796852635e-18
3.976609523809485108e+04 5.317753184570557902e-17 6.844564195242215476e-18
3.977619047619008779e+04 6.599244295616317441e-17 6.953405869162401120e-18
3.978628571428532450e+04 5.044573144173359533e-17 7.334658714460518597e-18
3.979638095238056121e+04 6.682512314752699177e-17 7.013334341913074614e-18
3.980647619047580520e+04 6.025790297344003682e-17 8.930153159895687028e-18
3.981657142857104191e+04 6.569232797156426221e-17 7.625944507167927066e-18
3.982666666666627862e+04 6.892926303205389604e-17 7.104896859075254526e-18
3.983676190476151532e+04 7.227205311688136557e-17 7.097132832608113039e-18
3.984685714285675203e+04 6.437528728383964632e-17 7.361636293273990137e-18
3.985695238095199602e+04 6.304975598005765651e-17 6.621403727318190702e-18
3.986704761904723273e+04 7.042906079207483719e-17 6.731006688601402700e-18
3.987714285714246944e+04 5.897999559448826507e-17 7.349032668963464393e-18
3.988723809523770615e+04 7.437621284486127246e-17 8.339111417515887497e-18
3.989733333333295013e+04 6.216055413666514717e-17 8.044816869072552106e-18
3.990742857142817957e+04 6.479500191691570551e-17 8.692051641183416065e-18
3.991752380952341628e+04 6.166763891016038878e-17 7.176948854197223841e-18
3.992761904761866026e+04 5.938209656896279988e-17 6.624204145045303303e-18
3.993771428571389697e+04 6.531060901479662854e-17 6.941545195779908516e-18
3.994780952380913368e+04 6.211201243745726599e-17 6.993026941092713614e-18
3.995790476190437039e+04 6.575057634539016089e-17 8.920970466470835694e-18
3.996799999999960710e+04 7.081200354625027645e-17 8.736116339046244034e-18
3.997809523809485108e+04 6.861693156706022397e-17 7.477026856875554910e-18
3.998819047619008779e+04 5.715320716000756014e-17 7.211199421435770943e-18
3.999828571428532450e+04 6.046708227938677188e-17 7.320174432544604033e-18
4.000838095238056849e+04 6.530354087825750700e-17 8.135240634980528023e-18
4.001847619047580520e+04 6.282807664117642959e-17 8.150707006708339614e-18
4.002857142857103463e+04 6.266053719476505738e-17 8.350630802942999976e-18
4.003866666666627134e+04 5.540390293091139705e-17 7.606253631494401241e-18
4.004876190476150805e+04 6.231960102315997041e-17 7.720707110370700713e-18
4.005885714285675203e+04 5.614056872692511079e-17 7.771561233887943149e-18
4.006895238095198874e+04 7.060164474533695503e-17 7.856976439431320343e-18
4.007904761904722545e+04 8.016690456257889031e-17 8.537375453323507901e-18
4.008914285714246944e+04 7.000790609071748062e-17 7.876132389978217765e-18
4.009923809523770615e+04 5.404609119783944395e-17 8.153600691921493576e-18
4.010933333333294286e+04 5.427053339605119691e-17 8.684724807421622430e-18
4.011942857142817957e+04 5.968634119071210618e-17 7.535057509276106775e-18
4.012952380952340900e+04 6.629481959900840224e-17 7.725681419428935919e-18
4.013961904761866026e+04 5.167062294428983499e-17 7.283604423701905204e-18
4.014971428571388969e+04 6.612179472566516445e-17 7.240251736513167086e-18
4.015980952380912640e+04 6.179590533104658680e-17 7.356686205090163773e-18
4.016990476190437039e+04 5.819419768250483017e-17 8.220525965701484858e-18
4.017999999999960710e+04 6.848029287267612374e-17 7.199814502659793086e-18
4.019009523809484381e+04 5.559666489893209252e-17 8.039268432629526116e-18
4.020019047619008052e+04 4.707706648288795128e-17 8.526800560411988578e-18
4.021028571428531723e+04 5.164095322961671223e-17 7.113385334178725609e-18
4.022038095238056121e+04 5.638391494075413137e-17 7.064685118943164095e-18
4.023047619047579792e+04 5.929187760194197312e-17 7.414710959038750654e-18
4.024057142857103463e+04 6.399245311212769570e-17 9.452818090776356708e-18
4.025066666666627862e+04 5.659758378397078014e-17 7.498061644371372241e-18
4.026076190476151532e+04 5.974111662397209113e-17 7.788989023096161632e-18
4.027085714285674476e+04 5.041991174274826915e-17 7.035662103062629922e-18
4.028095238095198147e+04 4.894554232747423465e-17 7.395062664475044961e-18
4.029104761904721818e+04 5.838334819806990557e-17 7.226735533722879866e-18
4.030114285714246216e+04 7.147671545909938838e-17 7.128369191121635829e-18
4.031123809523769887e+04 6.975648458612214440e-17 8.208439099904373761e-18
4.032133333333293558e+04 5.975159714966982325e-17 7.115374437116240314e-18
4.033142857142817957e+04 6.516873442035926836e-17 7.580023057991646564e-18
4.034152380952341628e+04 6.414347428437682631e-17 6.791640500648587342e-18
4.035161904761865298e+04 5.583628974126746618e-17 7.427792614476312612e-18
4.036171428571388969e+04 5.894876018705073168e-17 6.880885013550282757e-18
4.037180952380912640e+04 6.362502816534793610e-17 7.612501619349407355e-18
4.038190476190437039e+04 6.218230359474035181e-17 7.883485399154597836e-18
4.039199999999959982e+04 6.153292072670988526e-17 6.974788483057174697e-18
4.040209523809483653e+04 6.087224640892719020e-17 8.301130387954946570e-18
4.041219047619008052e+04 6.830260666526469524e-17 6.581709888228293535e-18
4.042228571428531723e+04 6.565965004098249983e-17 6.820359533747599006e-18
4.043238095238055394e+04 6.459015293567216485e-17 6.743290625263637010e-18
4.044247619047579064e+04 7.743470006394730811e-17 6.721491825682069364e-18
4.045257142857102735e+04 6.425054145412518925e-17 8.215666272400253948e-18
4.046266666666627134e+04 5.850279695776848509e-17 7.190663271547604302e-18
4.047276190476150805e+04 5.526288927503303856e-17 7.109148847773784736e-18
4.048285714285674476e+04 6.087743932480678505e-17 6.875034142569415817e-18
4.049295238095198874e+04 6.687988129769441770e-17 7.189785207708912592e-18
4.050304761904722545e+04 6.448090700996455958e-17 7.196029566948507583e-18
4.051314285714245489e+04 6.015651594386820193e-17 6.832049706635190052e-18
4.052323809523769160e+04 6.622204397950004523e-17 6.940899260078906549e-18
4.053333333333292831e+04 4.996136204219795077e-17 7.749215184481329519e-18
4.054342857142817229e+04 6.142165042648654900e-17 7.373036156902223204e-18
4.055352380952340900e+04 6.295671424089364996e-17 7.151005244802237928e-18
4.056361904761864571e+04 6.558506856295626950e-17 8.185181500240598684e-18
4.057371428571388969e+04 5.889592358503762284e-17 7.499094441031657421e-18
4.058380952380912640e+04 7.173315096675951284e-17 8.177815773192419073e-18
4.059390476190436311e+04 7.505276059187670699e-17 7.667874108329472767e-18
4.060399999999959982e+04 6.786299297887825743e-17 8.434098791004591468e-18
4.061409523809483653e+04 5.478659886804437044e-17 8.092909188654530617e-18
4.062419047619008052e+04 6.347697887644020332e-17 7.145152803326934677e-18
4.063428571428530995e+04 6.121597530738982973e-17 7.693445064993421649e-18
4.064438095238054666e+04 7.096292675105510043e-17 6.910808275668652996e-18
4.065447619047579064e+04 5.974205405783185190e-17 7.025654539849577654e-18
4.066457142857102735e+04 7.037443435376810502e-17 7.520023608239185851e-18
4.067466666666626406e+04 7.219145853892320989e-17 6.676689223986583191e-18
4.068476190476150077e+04 5.303189458195709764e-17 6.989852003865327923e-18
4.069485714285673748e+04 7.184606099404758910e-17 6.722153798934763145e-18
4.070495238095198147e+04 6.364297821820230466e-17 6.572466506418739767e-18
4.071504761904721818e+04 6.641399865444977580e-17 7.669681083189382362e-18
4.072514285714245489e+04 6.629873999176069800e-17 7.112820952621815376e-18
4.073523809523769887e+04 6.014645357105472933e-17 7.556053702829405852e-18
4.074533333333293558e+04 7.231323071019411393e-17 7.658663653270838291e-18
4.075542857142817229e+04 6.217295192929300029e-17 7.943719931189156039e-18
4.076552380952340172e+04 6.565678468269307909e-17 7.800539120014237091e-18
4.077561904761863843e+04 6.398893541829335934e-17 7.384727467798818162e-18
4.078571428571388242e+04 5.477779559333731328e-17 7.445637537931553168e-18
4.079580952380911913e+04 6.320044261604673011e-17 6.850578389314574395e-18
4.080590476190435584e+04 5.851496238646909303e-17 6.640833823640631025e-18
4.081599999999959982e+04 5.421024990602430856e-17 8.993608504636139526e-18
4.082609523809483653e+04 5.586678196607753768e-17 7.579884968607792204e-18
4.083619047619007324e+04 6.024030093358220982e-17 7.035650531134044746e-18
4.084628571428530995e+04 4.797960869560724096e-17 6.882422913610545739e-18
4.085638095238054666e+04 5.542998014387238935e-17 7.731834090237951011e-18
4.086647619047579064e+04 5.844133987342519637e-17 8.306672699190841592e-18
4.087657142857102735e+04 5.924948470454988046e-17 7.736509869003459196e-18
4.088666666666625679e+04 5.796053478793429353e-17 7.513118289878191083e-18
4.089676190476150077e+04 6.566183874617449820e-17 8.077206988661745453e-18
4.090685714285673748e+04 6.310285189503765529e-17 7.054557829273824537e-18
4.091695238095197419e+04 5.574696559969049262e-17 7.582184184700966189e-18
4.092704761904721090e+04 6.491285843182324031e-17 7.603618205466613347e-18
4.093714285714244761e+04 6.673914239777068439e-17 6.993729951138094962e-18
4.094723809523769160e+04 5.774834179996351805e-17 6.758229660823267986e-18
4.095733333333292831e+04 5.510252681409985096e-17 7.032124621990102991e-18
4.096742857142816501e+04 5.866869170104342650e-17 6.810280172357228887e-18
4.097752380952340900e+04 5.955802641374091057e-17 8.163926429814503219e-18
4.098761904761864571e+04 6.425321598355187204e-17 7.701672728369375648e-18
4.099771428571388242e+04 6.012169003923327742e-17 6.964095996039007879e-18
4.100780952380911185e+04 6.694758784359832539e-17 7.978123256155958265e-18
4.101790476190434856e+04 6.444515664020267728e-17 6.962279000604424385e-18
4.102799999999959255e+04 6.607285580576404771e-17 7.842375105932426085e-18
4.103809523809482926e+04 6.266958844385912201e-17 6.393054749867346989e-18
4.104819047619006597e+04 6.282567797191029166e-17 7.944057600294885627e-18
4.105828571428530995e+04 6.296824196531771961e-17 6.721181248321146466e-18
4.106838095238054666e+04 7.211784712035448395e-17 7.736733287348666705e-18
4.107847619047578337e+04 6.830545659001514713e-17 8.152730698161096238e-18
4.108857142857102008e+04 6.445641579192561336e-17 7.810324340871662611e-18
4.109866666666625679e+04 6.007760676407115012e-17 9.408389126034076528e-18
4.110876190476150077e+04 5.959290715047812137e-17 7.921882486867583944e-18
4.111885714285673748e+04 7.029076862574104751e-17 8.676184987875594335e-18
4.112895238095196692e+04 6.667619757028881329e-17 7.189144849042023458e-18
4.113904761904721818e+04 5.495786410496162734e-17 7.566718685773439225e-18
4.114914285714244761e+04 6.332723826995699007e-17 8.162659434234007776e-18
4.115923809523768432e+04 6.201282545325632066e-17 7.169879106841197977e-18
4.116933333333292103e+04 5.186101371328928763e-17 7.158190210500846927e-18
4.117942857142815774e+04 6.785552673848207266e-17 8.258313511977522177e-18
4.118952380952340172e+04 5.520592662526046834e-17 7.601540908237082523e-18
4.119961904761863843e+04 6.230039548004964304e-17 6.849580515107997913e-18
4.120971428571387514e+04 5.946391513583315218e-17 7.814297479694728542e-18
4.121980952380911913e+04 5.639638682948860436e-17 7.407487959300203552e-18
4.122990476190435584e+04 5.396998589469211901e-17 6.454985161806406022e-18
4.123999999999959255e+04 5.547478482817974049e-17 7.233419162831240336e-18
4.125009523809482198e+04 6.347076308825310587e-17 7.054121518035797351e-18
4.126019047619005869e+04 5.686876288797928479e-17 8.309262751306266069e-18
4.127028571428530267e+04 6.205705202035851049e-17 7.612265668620056778e-18
4.128038095238053938e+04 6.341679387783141010e-17 7.200096537690657101e-18
4.129047619047577609e+04 5.317457961164418109e-17 6.510450081626718004e-18
4.130057142857102008e+04 6.420378015021046636e-17 7.326793027441571728e-18
4.131066666666625679e+04 6.673682040373556635e-17 7.215598941709050166e-18
4.132076190476149350e+04 6.494192155279024420e-17 7.125381600637690861e-18
4.133085714285673021e+04 6.743230886058675849e-17 8.087911369238201893e-18
4.134095238095196692e+04 6.397879880488920126e-17 7.377670094569986969e-18
4.135104761904721090e+04 5.748018934605441518e-17 6.553719493073079942e-18
4.136114285714244761e+04 6.268896979412030970e-17 7.492891738391895019e-18
4.137123809523767704e+04 6.055344191159095747e-17 7.411943857509929692e-18
4.138133333333292831e+04 5.563287376407691867e-17 7.082152243779825370e-18
4.139142857142815774e+04 6.037899183874086249e-17 7.368092109177758567e-18
4.140152380952339445e+04 6.442128598356094462e-17 7.572750818908370596e-18
4.141161904761863116e+04 6.654976179327169062e-17 8.661699576251156585e-18
4.142171428571386787e+04 5.558283447469100551e-17 6.863998408064844895e-18
4.143180952380911185e+04 5.121088243278611040e-17 7.197130209136879808e-18
4.144190476190434856e+04 6.042216453732602456e-17 8.288939478405618956e-18
4.145199999999958527e+04 6.012875243048998296e-17 7.376484780490081166e-18
4.146209523809482926e+04 6.536225527303742232e-17 7.901606337046309655e-18
4.147219047619006597e+04 6.206382570085318479e-17 8.853378387581698749e-18
4.148228571428530267e+04 6.928086260023426275e-17 8.610956915156571415e-18
4.149238095238053211e+04 6.032087035798050897e-17 8.080004864397208577e-18
4.150247619047576882e+04 5.646304244864872110e-17 8.374634042414763323e-18
4.151257142857101280e+04 7.229074708551654370e-17 7.230386663538748972e-18
4.152266666666624951e+04 6.266915742780305015e-17 6.966434044677282703e-18
4.153276190476148622e+04 6.790397853277453040e-17 8.241884421086621257e-18
4.154285714285673021e+04 6.324965838810684718e-17 8.672873094919482327e-18
4.155295238095196692e+04 6.098195718230686656e-17 9.717126222427250215e-18
4.156304761904720363e+04 6.277462272333544713e-17 7.463476657750059343e-18
4.157314285714244033e+04 6.152791852660084429e-17 1.027258756032348572e-17
4.158323809523767704e+04 6.664959915183103442e-17 8.470964657994277965e-18
4.159333333333292103e+04 5.313791833361458494e-17 8.161995409460914793e-18
4.160342857142815774e+04 5.817188511101125271e-17 8.550277103925945748e-18
4.161352380952338717e+04 6.732731273124845301e-17 8.817273046982718330e-18
4.162361904761863843e+04 6.665509644233198287e-17 9.269217448689500644e-18
4.163371428571386787e+04 6.535990931856558859e-17 7.662088311807138104e-18
4.164380952380910458e+04 6.661909654741048448e-17 7.674773664123230876e-18
4.165390476190434129e+04 5.603017703304290875e-17 7.749361734752883661e-18
4.166399999999957799e+04 5.802219068949423950e-17 7.666330924869185592e-18
4.167409523809482198e+04 6.743251078110360195e-17 7.971112671415661326e-18
4.168419047619005869e+04 7.115601288168275343e-17 8.932930235392837415e-18
4.169428571428529540e+04 7.543304121903118919e-17 8.803445901515108231e-18
4.170438095238053938e+04 6.106421190974008450e-17 7.507985610417403808e-18
4.171447619047577609e+04 7.185883724268520636e-17 8.495080622608491885e-18
4.172457142857101280e+04 6.569972986816889299e-17 7.967326589146800592e-18
4.173466666666624951e+04 5.852087370742439085e-17 7.663767838486893621e-18
4.174476190476147895e+04 6.143392899149995662e-17 7.749149024923352139e-18
4.175485714285672293e+04 5.758757166968934341e-17 8.101748653501647879e-18
4.176495238095195964e+04 4.585785732998070869e-17 9.063407029183108296e-18
4.177504761904719635e+04 5.558789351536449512e-17 7.824825910334548694e-18
4.178514285714244033e+04 4.795857343246704133e-17 7.467554975011159749e-18
4.179523809523767704e+04 6.874975238474447891e-17 7.626621036556157621e-18
4.180533333333291375e+04 6.215586673499529660e-17 9.076889947034344329e-18
4.181542857142815046e+04 6.299468450715935515e-17 9.373427129264358443e-18
4.182552380952338717e+04 5.833571247874435018e-17 9.121632303294141705e-18
4.183561904761863116e+04 5.582572351854519576e-17 8.839854110356977935e-18
4.184571428571386787e+04 6.139839044219366636e-17 9.394810531695750698e-18
4.185580952380910458e+04 5.622992397600956642e-17 8.463596949125360373e-18
4.186590476190434856e+04 5.932272194355511738e-17 7.918934582593466769e-18
4.187599999999957799e+04 5.333886019483061380e-17 7.707682377265970742e-18
4.188609523809481470e+04 7.029230898374192208e-17 8.006773691142693177e-18
4.189619047619005141e+04 6.666537949609971418e-17 7.961038988321152033e-18
4.190628571428528812e+04 5.969904290341270747e-17 8.941966548830577136e-18
4.191638095238053211e+04 6.485297881522055670e-17 8.965401127360286182e-18
4.192647619047576882e+04 6.705297696818998159e-17 8.718816318379173871e-18
4.193657142857100553e+04 6.348025871025439042e-17 7.563661273556630105e-18
4.194666666666624951e+04 6.626651904064356152e-17 7.742622887285994880e-18
4.195676190476148622e+04 7.051796649809595983e-17 8.986612247357746024e-18
4.196685714285672293e+04 6.967777593658340409e-17 8.060438410816004781e-18
4.197695238095195964e+04 5.999492202221612849e-17 8.214480609202786998e-18
4.198704761904718907e+04 6.141475847147608107e-17 8.656955465861943026e-18
4.199714285714243306e+04 5.517836693594454820e-17 8.862592718283358319e-18
4.200723809523766977e+04 6.894632442816452865e-17 8.089584474616654270e-18
4.201733333333290648e+04 6.300629429544557312e-17 8.488806497211606030e-18
4.202742857142815046e+04 6.461116415206929224e-17 8.397997447361314745e-18
4.203752380952338717e+04 5.967318692198274056e-17 8.090930062523497392e-18
4.204761904761862388e+04 5.868942078336558088e-17 9.853560461910428702e-18
4.205771428571386059e+04 7.348688162357768516e-17 9.052026117512920972e-18
4.206780952380909730e+04 5.887628334190147050e-17 8.368522462937663372e-18
4.207790476190434129e+04 5.478076430958355304e-17 1.039424116659419873e-17
4.208799999999957799e+04 6.084291071324789696e-17 7.933597841857307127e-18
4.209809523809481470e+04 6.550540457939740313e-17 7.628330301493051920e-18
4.210819047619005869e+04 6.829034620032446305e-17 8.087289084793918452e-18
4.211828571428529540e+04 6.664434993923585876e-17 8.067577162445409018e-18
4.212838095238052483e+04 5.544791741721887694e-17 7.392072569069032100e-18
4.213847619047576154e+04 6.965149785948209947e-17 9.213081978713086364e-18
4.214857142857099825e+04 6.204056468657097108e-17 8.897126269629384710e-18
4.215866666666624224e+04 6.992632810805929074e-17 7.801261794723951366e-18
4.216876190476147895e+04 5.964690154328138476e-17 7.645391900254928217e-18
4.217885714285671565e+04 5.890289732088167581e-17 7.837647496328784362e-18
4.218895238095195964e+04 6.984752892780782291e-17 8.438972254982629978e-18
4.219904761904719635e+04 6.789549780253927614e-17 9.543161417376394085e-18
4.220914285714243306e+04 6.039726548139482855e-17 8.953640766034931808e-18
4.221923809523766977e+04 6.175806037866272149e-17 1.176730994877728032e-17
4.222933333333289920e+04 6.372578283879459241e-17 8.233384449744933771e-18
4.223942857142815046e+04 6.064933047799078487e-17 7.982816291435619087e-18
4.224952380952337990e+04 6.400150918198989936e-17 8.706908074782836887e-18
4.225961904761861661e+04 5.953790091411034605e-17 8.127215272376920929e-18
4.226971428571386059e+04 7.346411545683584668e-17 7.614048141434827933e-18
4.227980952380909730e+04 6.227003297827943295e-17 7.885299951138207385e-18
4.228990476190433401e+04 6.386599624972409247e-17 7.699859354002872091e-18
4.229999999999957072e+04 6.408986515246711293e-17 8.464933186905536490e-18
4.231009523809480743e+04 6.656501758904815945e-17 8.272032187497313668e-18
4.232019047619005141e+04 6.379243414566973122e-17 8.144389679814631928e-18
4.233028571428528812e+04 6.043454747137801617e-17 8.321172155126022502e-18
4.234038095238052483e+04 5.697581972342151271e-17 8.081304715097544788e-18
4.235047619047576882e+04 5.436720732162145330e-17 7.902428719904205983e-18
4.236057142857100553e+04 5.996809066378254914e-17 7.848875065218722277e-18
4.237066666666623496e+04 5.369507560860610987e-17 8.536454768285413033e-18
4.238076190476147167e+04 6.534018228394011621e-17 7.983275421967138177e-18
4.239085714285670838e+04 5.667887728278163607e-17 8.029693756565500657e-18
4.240095238095195236e+04 6.150202394912745614e-17 7.415422694658120232e-18
4.241104761904718907e+04 5.935520916599340288e-17 7.597933700995612670e-18
4.242114285714242578e+04 5.785936588906006586e-17 8.238865603111076021e-18
4.243123809523766977e+04 5.863345012054172865e-17 7.861392727497638381e-18
4.244133333333290648e+04 4.957148011385266656e-17 8.753661599408364938e-18
4.245142857142814319e+04 5.403391001035053147e-17 8.636569067223286301e-18
4.246152380952337990e+04 6.227199389930778746e-17 7.791669786082439689e-18
4.247161904761860933e+04 6.023604416356639741e-17 7.748807369245941471e-18
4.248171428571386059e+04 5.757221066509475586e-17 7.934150866338793010e-18
4.249180952380909002e+04 5.550423267071579652e-17 7.822853840043826252e-18
4.250190476190432673e+04 5.151483613825957452e-17 7.488305007222601985e-18
4.251199999999957072e+04 5.146912023638889957e-17 8.826185742801783390e-18
4.252209523809480743e+04 5.418174002250642436e-17 7.765333787585998795e-18
4.253219047619004414e+04 6.656326330083529129e-17 7.877962770558772211e-18
4.254228571428528085e+04 5.735780000314404055e-17 7.483114054183214009e-18
4.255238095238051756e+04 6.265302249543821760e-17 7.738037267840298025e-18
4.256247619047576154e+04 5.771086493051800371e-17 7.434049867553761646e-18
4.257257142857099825e+04 5.416233965681305742e-17 7.719906519131792812e-18
4.258266666666623496e+04 4.666922332349860455e-17 8.108863867051072134e-18
4.259276190476147895e+04 5.178479365258336961e-17 7.456679371963297299e-18
4.260285714285671565e+04 6.101685986025972661e-17 6.998156369490592139e-18
4.261295238095194509e+04 6.306526782863810603e-17 7.180754980198731512e-18
4.262304761904718180e+04 6.502723896964234243e-17 7.705960468265329570e-18
4.263314285714241851e+04 5.755814651197219529e-17 7.679254868943671311e-18
4.264323809523766249e+04 6.868208095392599094e-17 8.309547197456488837e-18
4.265333333333289920e+04 6.084145535092340838e-17 7.251553651306770634e-18
4.266342857142813591e+04 6.364780733938933392e-17 1.002746984244180749e-17
4.267352380952337990e+04 6.309703028603905084e-17 7.430547914313996582e-18
4.268361904761861661e+04 6.958484659371571037e-17 8.105603626013053978e-18
4.269371428571385331e+04 6.531574563150019776e-17 8.273644258834313834e-18
4.270380952380909002e+04 6.138274726694111272e-17 7.990043398438223895e-18
4.271390476190432673e+04 7.021663316431825721e-17 7.765234529893822575e-18
4.272399999999957072e+04 6.170075449835522401e-17 8.236305348592691798e-18
4.273409523809480015e+04 7.264164397010129690e-17 9.445446731666034901e-18
4.274419047619003686e+04 5.737039672810608603e-17 8.555678109284338412e-18
4.275428571428528085e+04 6.829182225371525987e-17 8.432377535721879852e-18
4.276438095238051756e+04 5.368211132417154330e-17 8.118609067836951391e-18
4.277447619047575427e+04 5.338574399384697529e-17 8.605760919163695724e-18
4.278457142857099097e+04 6.126748309932158376e-17 9.682099346067748611e-18
4.279466666666622768e+04 6.353819246408227363e-17 7.964560355983007833e-18
4.280476190476147167e+04 6.491164365864224390e-17 9.142545479566640387e-18
4.281485714285670838e+04 7.414702374996493298e-17 7.569286598352764752e-18
4.282495238095194509e+04 5.933143561306578689e-17 8.359317315602770982e-18
4.283504761904718907e+04 5.340493530971458279e-17 7.799483747856549962e-18
4.284514285714242578e+04 7.574046645767638618e-17 7.830947655923674624e-18
4.285523809523765522e+04 6.115697351773023007e-17 7.963971754334927487e-18
4.286533333333289193e+04 5.722286515062471698e-17 7.652436283400212641e-18
4.287542857142812863e+04 5.698423957673891655e-17 7.133589758715233902e-18
4.288552380952337262e+04 6.473666517285585656e-17 8.854431208430247567e-18
4.289561904761860933e+04 6.381144171085866176e-17 7.446701742479395458e-18
4.290571428571384604e+04 6.394046784608062469e-17 7.499005420753544426e-18
4.291580952380909002e+04 6.499141122160015868e-17 8.925459038126856249e-18
4.292590476190432673e+04 7.182570786684747195e-17 8.666138438780780074e-18
4.293599999999956344e+04 6.243011019439030622e-17 8.142965151263623159e-18
4.294609523809480015e+04 6.517066344877868780e-17 8.431664537527257239e-18
4.295619047619003686e+04 6.537331933230234554e-17 9.361979505032958711e-18
4.296628571428528085e+04 6.388921986926547797e-17 8.150426597190602824e-18
4.297638095238051756e+04 5.621578248493672516e-17 8.059439070261290772e-18
4.298647619047574699e+04 5.298160023843213172e-17 7.632276722154027415e-18
4.299657142857099097e+04 6.722117287095378851e-17 7.954169424655869402e-18
4.300666666666622768e+04 6.037785158736393358e-17 9.173205489734671149e-18
4.301676190476146439e+04 6.184668554564807663e-17 8.227764687750029281e-18
4.302685714285670110e+04 6.826739402658822778e-17 9.199653805830531535e-18
4.303695238095193781e+04 4.745440456717212014e-17 7.763109810829783336e-18
4.304704761904718180e+04 5.853728786767206236e-17 8.656692055605203210e-18
4.305714285714241851e+04 5.744769686162375127e-17 7.880440910578209948e-18
4.306723809523765522e+04 5.796586849524138899e-17 8.467708798040630709e-18
4.307733333333289920e+04 5.853525608619529045e-17 8.026539676307392057e-18
4.308742857142813591e+04 6.323449983546875748e-17 8.996572759286124839e-18
4.309752380952337262e+04 6.263941415448989621e-17 8.638196421496080395e-18
4.310761904761860205e+04 6.399190378272344956e-17 1.097723508613593052e-17
4.311771428571383876e+04 6.327997983379652875e-17 8.154567411364016439e-18
4.312780952380908275e+04 5.829704164026187338e-17 7.782489560552898103e-18
4.313790476190431946e+04 6.342030657580741502e-17 7.838600346632234094e-18
4.314799999999955617e+04 6.256411305674315584e-17 7.924192174922033144e-18
4.315809523809480015e+04 4.496330910948262967e-17 8.764508408948099237e-18
4.316819047619003686e+04 5.336823847726164804e-17 9.074728377605034181e-18
4.317828571428527357e+04 5.674395523626497647e-17 9.761822142021124751e-18
4.318838095238051028e+04 6.034156295748500460e-17 9.010786882021569927e-18
4.319847619047574699e+04 6.925238238173627178e-17 9.298360555720587398e-18
4.320857142857099097e+04 6.210253463881816148e-17 8.367166787448727961e-18
4.321866666666622768e+04 6.369149017666347292e-17 7.851749442807529759e-18
4.322876190476145712e+04 5.434812518090552385e-17 7.507038795563995129e-18
4.323885714285670110e+04 6.688007522390908412e-17 8.309166803592053793e-18
4.324895238095193781e+04 5.757684986638287890e-17 8.744905134315765103e-18
4.325904761904717452e+04 6.376615718984592490e-17 8.459833363265861134e-18
4.326914285714241123e+04 5.383801469742264075e-17 8.429251008269485133e-18
4.327923809523764794e+04 6.716771444006774440e-17 8.125636472509031785e-18
4.328933333333289193e+04 5.947104429258570917e-17 8.092136649266498034e-18
4.329942857142812863e+04 6.382244448830693751e-17 9.406559262626288040e-18
4.330952380952336534e+04 4.475093562892642361e-17 8.503624092906351098e-18
4.331961904761860933e+04 4.350869092008287443e-17 8.296975683882854791e-18
4.332971428571384604e+04 5.556749516411185293e-17 9.683866596079691365e-18
4.333980952380908275e+04 6.006389158664712912e-17 1.077217167836165213e-17
4.334990476190431218e+04 4.706968858687870155e-17 8.097409263547054652e-18
4.335999999999954889e+04 4.921940747701890758e-17 7.935577321922891104e-18
4.337009523809479288e+04 5.222214307734638909e-17 8.166111722477076027e-18
4.338019047619002959e+04 5.538588569189409819e-17 7.977291301997427554e-18
4.339028571428526629e+04 5.816509350989625504e-17 7.954139547488198412e-18
4.340038095238051028e+04 5.498331762840474685e-17 8.730375972367444659e-18
4.341047619047574699e+04 5.519491831745176861e-17 8.416732745745568230e-18
4.342057142857098370e+04 5.289843632164816697e-17 8.822451325672328360e-18
4.343066666666622041e+04 5.786359246452644023e-17 8.416813446685774148e-18
4.344076190476145712e+04 5.893855496989949961e-17 7.655562714798065490e-18
4.345085714285670110e+04 5.464569428673714189e-17 8.104041470718714195e-18
4.346095238095193781e+04 5.289073477690200543e-17 7.781782079335373768e-18
4.347104761904716725e+04 5.319409861561455861e-17 9.557421285609724096e-18
4.348114285714241851e+04 3.606280154374546845e-17 8.694845990355720940e-18
4.349123809523764794e+04 5.702275036780813306e-17 8.536873306648934342e-18
4.350133333333288465e+04 4.860721534140494674e-17 7.423473588326292346e-18
4.351142857142812136e+04 3.773227328039058158e-17 7.523841792149561557e-18
4.352152380952335807e+04 5.444505714946499602e-17 8.443538446421601412e-18
4.353161904761860205e+04 6.695728232684608255e-17 9.004490665918064427e-18
4.354171428571383876e+04 3.933425601435013967e-17 9.079247096813643664e-18
4.355180952380907547e+04 5.175169512497004377e-17 9.829780349300637365e-18
4.356190476190431946e+04 4.353244796156434477e-17 9.838492897193841873e-18
4.357199999999955617e+04 5.425042458998596765e-17 8.044324576152739101e-18
4.358209523809479288e+04 5.129153602716676055e-17 7.870953382521186478e-18
4.359219047619002231e+04 5.555459908560888710e-17 8.276356869628547668e-18
4.360228571428525902e+04 5.107869272870090586e-17 7.981820492781411358e-18
4.361238095238050300e+04 5.332929813075989153e-17 7.835665689733267077e-18
4.362247619047573971e+04 6.128440593847026427e-17 8.452896137455702770e-18
4.363257142857097642e+04 5.080991778592104761e-17 8.075297655156004893e-18
4.364266666666622041e+04 5.386208787044996403e-17 1.009611870238035854e-17
4.365276190476145712e+04 5.204957422125308569e-17 8.245108229056119256e-18
4.366285714285669383e+04 5.307264375176087049e-17 7.738195716989230575e-18
4.367295238095193054e+04 6.001662359482091914e-17 8.201436981188014522e-18
4.368304761904716725e+04 6.089072878692066876e-17 7.852689834926592427e-18
4.369314285714241123e+04 5.770720834700762300e-17 8.818677661050380479e-18
4.370323809523764794e+04 4.950830806110931591e-17 8.918673903615645465e-18
4.371333333333287737e+04 5.626313897805504379e-17 9.574201142602033543e-18
4.372342857142812863e+04 5.892493153114999316e-17 7.865894342875836854e-18
4.373352380952335807e+04 5.253819986844228604e-17 8.683354679868306946e-18
4.374361904761859478e+04 5.673689060503471070e-17 8.156069424774205145e-18
4.375371428571383149e+04 6.800632713524275028e-17 8.136240876279486712e-18
4.376380952380906820e+04 5.267254611475269912e-17 8.047089982492542985e-18
4.377390476190431218e+04 6.690924117769079089e-17 9.553008931255081735e-18
4.378399999999954889e+04 5.066682729687346642e-17 9.760514828594666419e-18
4.379409523809478560e+04 6.327614644062474300e-17 8.203378598251041385e-18
4.380419047619002959e+04 5.512555860030618616e-17 8.270360670314088312e-18
4.381428571428526629e+04 6.226453726546874050e-17 7.898109957567497883e-18
4.382438095238050300e+04 4.806089775574205276e-17 9.471015446367591194e-18
4.383447619047573971e+04 5.646285615997942168e-17 7.961882597502862039e-18
4.384457142857096915e+04 5.361729152101921348e-17 8.395785383816578003e-18
4.385466666666621313e+04 5.316576559351626033e-17 7.764021798593459895e-18
4.386476190476144984e+04 4.667261208831201954e-17 9.647242436737160109e-18
4.387485714285668655e+04 4.637006693486007442e-17 9.123855683134480348e-18
4.388495238095193054e+04 5.167186212055947679e-17 8.813026692557208530e-18
4.389504761904716725e+04 5.554521352294027661e-17 9.196985594154462346e-18
4.390514285714240395e+04 5.529502099009563968e-17 9.936600334138097080e-18
4.391523809523764066e+04 4.541940674038805013e-17 7.870572478101667196e-18
4.392533333333287737e+04 5.419444191599343474e-17 7.966557917831891560e-18
4.393542857142812136e+04 4.729179529706712953e-17 8.338209655838040511e-18
4.394552380952335807e+04 5.622193332629572173e-17 7.925026279052684508e-18
4.395561904761859478e+04 4.941744360358177846e-17 7.946665562377071566e-18
4.396571428571383876e+04 6.035586518554188562e-17 8.376989014087849526e-18
4.397580952380906820e+04 4.885680960476181086e-17 7.996181190419620144e-18
4.398590476190430491e+04 5.398282295759016458e-17 8.240738726464419968e-18
4.399599999999954161e+04 5.332564140270426535e-17 8.784788631934934012e-18
4.400609523809477832e+04 5.854586963529962088e-17 8.275132110501781853e-18
4.401619047619002231e+04 5.295836887478517916e-17 9.478157859982509365e-18
4.402628571428525902e+04 5.574464767867875367e-17 9.228559659955314389e-18
4.403638095238049573e+04 6.310583258843288756e-17 7.874450395927153356e-18
4.404647619047573971e+04 6.121883355020306592e-17 7.948659262155873719e-18
4.405657142857097642e+04 5.647697563365441789e-17 7.734966271952183195e-18
4.406666666666621313e+04 5.505197135332065498e-17 7.719573160687311186e-18
4.407676190476144984e+04 5.785675919380362645e-17 8.352615307319569008e-18
4.408685714285667927e+04 5.129622613295750684e-17 8.951832361891305547e-18
4.409695238095192326e+04 5.014651141156224936e-17 8.045453715958947790e-18
4.410704761904715997e+04 5.728539931729087315e-17 8.725016045983729145e-18
4.411714285714239668e+04 4.711125375046575965e-17 8.184695185142020030e-18
4.412723809523764066e+04 4.679279978353074316e-17 8.839346647882039335e-18
4.413733333333287737e+04 5.283299552228982018e-17 7.850687232149357891e-18
4.414742857142811408e+04 4.247330265268746086e-17 7.426331271231917853e-18
4.415752380952335079e+04 5.395750180576099974e-17 8.079247516232643571e-18
4.416761904761858750e+04 5.195118895885980578e-17 9.539573824520185851e-18
4.417771428571383149e+04 6.224807045088432502e-17 9.246654669544719165e-18
4.418780952380906820e+04 4.631464384628211580e-17 9.084626096680099135e-18
4.419790476190430491e+04 6.019580811999016615e-17 8.910319869494933788e-18
4.420799999999954889e+04 4.902637096317599148e-17 8.820412877211448433e-18
4.421809523809478560e+04 5.952650469171550373e-17 8.342113736837284486e-18
4.422819047619001503e+04 5.573552522369923350e-17 8.677964776947828486e-18
4.423828571428525174e+04 6.431137269643652510e-17 9.170854241510845021e-18
4.424838095238048845e+04 5.228718807201046501e-17 8.523778948571578670e-18
4.425847619047573244e+04 5.921797964698879788e-17 8.243996463284551848e-18
4.426857142857096915e+04 5.964880200206145545e-17 8.051518388260598469e-18
4.427866666666620586e+04 5.553315088426748050e-17 8.076751546397094333e-18
4.428876190476144984e+04 4.321642796718481852e-17 8.298700743600792318e-18
4.429885714285668655e+04 5.036691609685568361e-17 7.642805871095224706e-18
4.430895238095192326e+04 5.146166596165689093e-17 8.241923891079298415e-18
4.431904761904715997e+04 4.958939292663291375e-17 8.867058042597396571e-18
4.432914285714238940e+04 5.696980246481289912e-17 8.405795124413622756e-18
4.433923809523764066e+04 6.113415093506886525e-17 8.325336848992144400e-18
4.434933333333287010e+04 6.809477170213330255e-17 8.623567583016633022e-18
4.435942857142810681e+04 4.858633390775887996e-17 7.866646150226948425e-18
4.436952380952335079e+04 5.384790260488019538e-17 8.498690393106464710e-18
4.437961904761858750e+04 4.729666847271019784e-17 7.981109117381763217e-18
4.438971428571382421e+04 4.845798071007254976e-17 9.135342590881398019e-18
4.439980952380906092e+04 4.899104114332214817e-17 8.144732498538434690e-18
4.440990476190429763e+04 5.401397764471726675e-17 7.585816212499628215e-18
4.441999999999954161e+04 6.226546950656034363e-17 8.095822039084484622e-18
4.443009523809477832e+04 5.466483552854048154e-17 8.747320813164168117e-18
4.444019047619001503e+04 5.327134043134420018e-17 8.299270703516936845e-18
4.445028571428525902e+04 4.968892604087465246e-17 8.867837792263119356e-18
4.446038095238049573e+04 4.425823015641433106e-17 9.926054150147406691e-18
4.447047619047572516e+04 5.644794842307433217e-17 7.725022501518961598e-18
4.448057142857096187e+04 5.497115412487301742e-17 8.675251333528351954e-18
4.449066666666619858e+04 5.669893571969712728e-17 8.376428196038193233e-18
4.450076190476144257e+04 4.411131795245571462e-17 8.101351868372519234e-18
4.451085714285667927e+04 5.969209331393792571e-17 8.659216762231497904e-18
4.452095238095191598e+04 5.989428315523439176e-17 8.705666230363606297e-18
4.453104761904715997e+04 4.834749740875555899e-17 8.248524108543488330e-18
4.454114285714239668e+04 5.323084793665695603e-17 7.863991835591919443e-18
4.455123809523763339e+04 4.373920040920790573e-17 8.355914837618838218e-18
4.456133333333287010e+04 4.958136937094349504e-17 8.014920834898513212e-18
4.457142857142809953e+04 5.785911527927948117e-17 7.669514658967361312e-18
4.458152380952335079e+04 3.660179248323470609e-17 8.011806727550048027e-18
4.459161904761858023e+04 5.268772393225779110e-17 8.068187291688613718e-18
4.460171428571381693e+04 4.868566410632282568e-17 8.327192014660429040e-18
4.461180952380906092e+04 6.717040321609586147e-17 1.012097090571573347e-17
4.462190476190429763e+04 6.546374178105309984e-17 1.002530784422749436e-17
4.463199999999953434e+04 5.481550529196320641e-17 9.461086737985835982e-18
4.464209523809477105e+04 4.844902181716521813e-17 8.789955785888424023e-18
4.465219047619000776e+04 5.429033932353773186e-17 7.930237678996846329e-18
4.466228571428525174e+04 5.546824338432443358e-17 8.415085454087439583e-18
4.467238095238048845e+04 5.907032187008365380e-17 8.491710415609009591e-18
4.468247619047572516e+04 4.915136204928849652e-17 8.050900906783340884e-18
4.469257142857096915e+04 6.189817211538529552e-17 8.770319080477357222e-18
4.470266666666620586e+04 5.266087647317082507e-17 9.061012530869321909e-18
4.471276190476143529e+04 4.203202808088704047e-17 9.500129536079130753e-18
4.472285714285667200e+04 5.731218300882879549e-17 8.301106967333346303e-18
4.473295238095190871e+04 4.869245313109257413e-17 8.450603824963006304e-18
4.474304761904715269e+04 4.906050087990205291e-17 8.081129509541250630e-18
4.475314285714238940e+04 5.585767806435611669e-17 7.940477666917586930e-18
4.476323809523762611e+04 5.242533810626683101e-17 7.905384618554662364e-18
4.477333333333287010e+04 5.611519417855410065e-17 8.669802865481660389e-18
4.478342857142810681e+04 5.498386490478335088e-17 9.371018639408301782e-18
4.479352380952334352e+04 3.633938178286451869e-17 8.736223678116405995e-18
4.480361904761858023e+04 4.699745784604947891e-17 9.538935502013527160e-18
4.481371428571381693e+04 5.050862240332229349e-17 8.280651043195474984e-18
4.482380952380906092e+04 5.741740869025581886e-17 7.762032483355163853e-18
4.483390476190429035e+04 5.103714484010115680e-17 7.818596935516011350e-18
4.484399999999952706e+04 6.004580825098853136e-17 8.015353341973517721e-18
4.485409523809477105e+04 4.843290677317515872e-17 8.643331122221327299e-18
4.486419047619000776e+04 5.632760072499665752e-17 7.549425596685336247e-18
4.487428571428524447e+04 5.411845642908527290e-17 8.436168802780637903e-18
4.488438095238048118e+04 5.061742175575222251e-17 7.722441633309385959e-18
4.489447619047571789e+04 5.019107746028868542e-17 7.550030125719877955e-18
4.490457142857096187e+04 3.340674517251936632e-17 9.720096372717691001e-18
4.491466666666619858e+04 3.672471260973225677e-17 8.744715808017372103e-18
4.492476190476143529e+04 5.023507252507294900e-17 7.608251358206376452e-18
4.493485714285667927e+04 4.830810599317295087e-17 9.189516121237530538e-18
4.494495238095191598e+04 4.244855097959610809e-17 8.242005038101854228e-18
4.495504761904714542e+04 5.044270747682152159e-17 8.286443585733489861e-18
4.496514285714238213e+04 3.603008959067743053e-17 8.233795164467413981e-18
4.497523809523761884e+04 4.320419304636205681e-17 8.025331600764515250e-18
4.498533333333286282e+04 4.902240506645601952e-17 8.685789482605746616e-18
4.499542857142809953e+04 5.619419845861062324e-17 8.870537361270949031e-18
4.500552380952333624e+04 5.843406242428396242e-17 9.363617362385965246e-18
4.501561904761858023e+04 5.314809543780024647e-17 1.009740388038404977e-17
4.502571428571381693e+04 5.589952953508537227e-17 9.755793594586403374e-18
4.503580952380905364e+04 4.854542623854531948e-17 8.690885376902122106e-18
4.504590476190429035e+04 5.283055640754710154e-17 8.056693412923298186e-18
4.505599999999952706e+04 4.937151289631260117e-17 8.016642155617900976e-18
4.506609523809477105e+04 4.893981103033173704e-17 7.814365367143446462e-18
4.507619047619000048e+04 4.157550363639275572e-17 8.511157158481105858e-18
4.508628571428523719e+04 6.398817345294454213e-17 9.538922123440648798e-18
4.509638095238048118e+04 5.713868421218707696e-17 8.955694442548725164e-18
4.510647619047571789e+04 4.821730840097673385e-17 8.127867776764510977e-18
4.511657142857095459e+04 5.211776659742323433e-17 8.243535875454501846e-18
4.512666666666619130e+04 5.269603156774040719e-17 8.999827366492206766e-18
4.513676190476142801e+04 4.451286334650317231e-17 8.597276343170176092e-18
4.514685714285667200e+04 5.269124112578667444e-17 8.279555035722269409e-18
4.515695238095190871e+04 6.110131379345526034e-17 9.722918459191969909e-18
4.516704761904714542e+04 3.946853533253637881e-17 9.906040143984240595e-18
4.517714285714238940e+04 5.077950862857403517e-17 9.523226716396687818e-18
4.518723809523762611e+04 5.439129772138511870e-17 8.356590269326903852e-18
4.519733333333286282e+04 5.567751298454832371e-17 8.305885864460910367e-18
4.520742857142809225e+04 5.340994072302516261e-17 8.320025928850208330e-18
4.521752380952332896e+04 4.368527923541855120e-17 8.310827587913697786e-18
4.522761904761857295e+04 5.324934014145390100e-17 8.763627154340820255e-18
4.523771428571380966e+04 3.477361073814517256e-17 1.162070962997869245e-17
4.524780952380904637e+04 5.520912298989805942e-17 8.651534147795632163e-18
4.525790476190429035e+04 5.388065769854942289e-17 9.131723364619850487e-18
4.526799999999952706e+04 5.052334558264251518e-17 9.100193744380359726e-18
4.527809523809476377e+04 4.221581618190651902e-17 7.867915519343694159e-18
4.528819047619000048e+04 4.555852286743098140e-17 8.584987185620247074e-18
4.529828571428523719e+04 5.164309022206110091e-17 8.840974369810587329e-18
4.530838095238048118e+04 4.651978752837507126e-17 8.840800015135877251e-18
4.531847619047571789e+04 5.414066787880877573e-17 9.669921376778830330e-18
4.532857142857094732e+04 4.955038475686740891e-17 9.328559097106341307e-18
4.533866666666619130e+04 5.598052211768797101e-17 9.164193669320779816e-18
4.534876190476142801e+04 6.506941148996077392e-17 8.537893891984707177e-18
4.535885714285666472e+04 5.909876599973651721e-17 8.355808230625187205e-18
4.536895238095190143e+04 4.768821777604554666e-17 7.945996122066901618e-18
4.537904761904713814e+04 4.865477314553360213e-17 7.943365942601312729e-18
4.538914285714238213e+04 4.885085755505048662e-17 9.031019163736101130e-18
4.539923809523761884e+04 5.406718826596961377e-17 8.815343311645502000e-18
4.540933333333285555e+04 5.335880730616059157e-17 8.789431166198587441e-18
4.541942857142809953e+04 5.130755521909383824e-17 8.014380279361403184e-18
4.542952380952333624e+04 5.641278140170460144e-17 8.650111092543538388e-18
4.543961904761857295e+04 5.442596602814827458e-17 9.159929654571732606e-18
4.544971428571380238e+04 5.028839100882448873e-17 8.582692119004561570e-18
4.545980952380903909e+04 5.671420260590500419e-17 8.138852826434292568e-18
4.546990476190428308e+04 4.238328936061752844e-17 8.400265316610156349e-18
4.547999999999951979e+04 6.259404146936220981e-17 9.260427586237881369e-18
4.549009523809475650e+04 6.159136999413116407e-17 9.162268693714090714e-18
4.550019047619000048e+04 5.048264747231551863e-17 9.057512227217082628e-18
4.551028571428523719e+04 5.208919947229694103e-17 8.660849692757387852e-18
4.552038095238047390e+04 5.147908229948061658e-17 7.985877873206540741e-18
4.553047619047571061e+04 4.724399878374373412e-17 8.108672297161972865e-18
4.554057142857094732e+04 4.766780751414046742e-17 7.563069650591602094e-18
4.555066666666619130e+04 5.297151495175893009e-17 8.262846865870822135e-18
4.556076190476142801e+04 5.574434546871730035e-17 8.912778154692596737e-18
4.557085714285665745e+04 5.745780509394399236e-17 7.825546472574948745e-18
4.558095238095190871e+04 5.543117643494474702e-17 8.146258487710217876e-18
4.559104761904713814e+04 4.512489043306686412e-17 8.382875212577902789e-18
4.560114285714237485e+04 6.078963995519022403e-17 8.686446576595165926e-18
4.561123809523761156e+04 4.531731707803804132e-17 7.782945627869482968e-18
4.562133333333284827e+04 5.378351191274053381e-17 8.932394897027999708e-18
4.563142857142809225e+04 5.865664373280766497e-17 9.076810450920640908e-18
4.564152380952332896e+04 4.557251946274658503e-17 1.029454737209964347e-17
4.565161904761856567e+04 5.038289489219778886e-17 9.266171150018328104e-18
4.566171428571380966e+04 5.736984163425084345e-17 9.588615474414459129e-18
4.567180952380904637e+04 5.251293522804041328e-17 8.359665626648134119e-18
4.568190476190428308e+04 3.854247126299721546e-17 8.673058243248159219e-18
4.569199999999951251e+04 5.090254211892165625e-17 7.668850996349550900e-18
4.570209523809474922e+04 5.064671702693617608e-17 8.456773235306702109e-18
4.571219047618999321e+04 9.135376532432487248e-17 3.589559567426735209e-17
4.572228571428522991e+04 nan 1.435044565453881818e-07
4.573238095238046662e+04 nan 1.434411074816496267e-07
4.574247619047571061e+04 nan 1.433778003561724484e-07
4.575257142857094732e+04 nan 1.433145351319463627e-07
4.576266666666618403e+04 nan 1.432513117720017695e-07
4.577276190476142074e+04 nan 1.431881302394099118e-07
4.578285714285665745e+04 nan 1.431249904972825841e-07
4.579295238095190143e+04 nan 1.430618925087724238e-07
4.580304761904713814e+04 nan 1.429988362370726729e-07
4.581314285714236757e+04 nan 1.429358216454169401e-07
4.582323809523761884e+04 nan 1.428728486970794384e-07
4.583333333333284827e+04 nan 1.428099173553749325e-07
4.584342857142808498e+04 nan 1.427470275836583686e-07
4.585352380952332169e+04 nan 1.426841793453251647e-07
4.586361904761855840e+04 nan 1.426213726038109733e-07
4.587371428571380238e+04 nan 1.425586073225916013e-07
4.588380952380903909e+04 nan 1.424958834651832750e-07
4.589390476190427580e+04 nan 1.424332009951420842e-07
4.590399999999951979e+04 nan 1.423705598760642205e-07
4.591409523809475650e+04 nan 1.423079600715861094e-07
4.592419047618999321e+04 nan 1.422454015453838812e-07
4.593428571428522264e+04 nan 1.421828842611736884e-07
4.594438095238045935e+04 nan 1.421204081827116001e-07
4.595447619047570333e+04 nan 1.420579732737933105e-07
4.596457142857094004e+04 nan 1.419955794982544567e-07
4.597466666666617675e+04 nan 1.419332268199703541e-07
4.598476190476142074e+04 nan 1.418709152028557581e-07
4.599485714285665745e+04 nan 1.418086446108653667e-07
4.600495238095189416e+04 nan 1.417464150079931595e-07
4.601504761904713087e+04 nan 1.416842263582726616e-07
4.602514285714236757e+04 nan 1.416220786257768383e-07
4.603523809523761156e+04 nan 1.415599717746180946e-07
4.604533333333284827e+04 nan 1.414979057689481698e-07
4.605542857142808498e+04 nan 1.414358805729580579e-07
4.606552380952332896e+04 nan 1.413738961508779282e-07
4.607561904761855840e+04 nan 1.413119524669772309e-07
4.608571428571379511e+04 nan 1.412500494855645652e-07
4.609580952380903182e+04 nan 1.411881871709874938e-07
4.610590476190426853e+04 nan 1.411263654876326489e-07
4.611599999999951251e+04 nan 1.410645843999256524e-07
4.612609523809474922e+04 nan 1.410028438723311165e-07
4.613619047618998593e+04 nan 1.409411438693524313e-07
4.614628571428522991e+04 nan 1.408794843555318184e-07
4.615638095238046662e+04 nan 1.408178652954503834e-07
4.616647619047570333e+04 nan 1.407562866537277716e-07
4.617657142857094004e+04 nan 1.406947483950224335e-07
4.618666666666616948e+04 nan 1.406332504840314386e-07
4.619676190476141346e+04 nan 1.405717928854902643e-07
4.620685714285665017e+04 nan 1.405103755641731661e-07
4.621695238095188688e+04 nan 1.404489984848926483e-07
4.622704761904713087e+04 nan 1.403876616124997024e-07
4.623714285714236757e+04 nan 1.403263649118838069e-07
4.624723809523760428e+04 nan 1.402651083479725833e-07
4.625733333333284099e+04 nan 1.402038918857319811e-07
4.626742857142807770e+04 nan 1.401427154901661724e-07
4.627752380952332169e+04 nan 1.400815791263174193e-07
4.628761904761855840e+04 nan 1.400204827592663386e-07
4.629771428571379511e+04 nan 1.399594263541313723e-07
4.630780952380903909e+04 nan 1.398984098760689996e-07
4.631790476190426853e+04 nan 1.398374332902738425e-07
4.632799999999950523e+04 nan 1.397764965619782691e-07
4.633809523809474194e+04 nan 1.397155996564526051e-07
4.634819047618997865e+04 nan 1.396547425390048691e-07
4.635828571428522264e+04 nan 1.395939251749809845e-07
4.636838095238045935e+04 nan 1.395331475297646469e-07
4.637847619047569606e+04 nan 1.394724095687770335e-07
4.638857142857094004e+04 nan 1.394117112574770140e-07
4.639866666666617675e+04 nan 1.393510525613611513e-07
4.640876190476141346e+04 nan 1.392904334459633837e-07
4.641885714285665017e+04 nan 1.392298538768551835e-07
4.642895238095187960e+04 nan 1.391693138196454248e-07
4.643904761904713087e+04 nan 1.391088132399803308e-07
4.644914285714236030e+04 nan 1.390483521035436055e-07
4.645923809523759701e+04 nan 1.389879303760560639e-07
4.646933333333284099e+04 nan 1.389275480232757903e-07
4.647942857142807770e+04 nan 1.388672050109980854e-07
4.648952380952331441e+04 nan 1.388069013050554137e-07
4.649961904761855112e+04 nan 1.387466368713172442e-07
4.650971428571378783e+04 nan 1.386864116756901568e-07
4.651980952380903182e+04 nan 1.386262256841175507e-07
4.652990476190426853e+04 nan 1.385660788625801211e-07
4.653999999999950523e+04 nan 1.385059711770950383e-07
4.655009523809474922e+04 nan 1.384459025937165837e-07
4.656019047618998593e+04 nan 1.383858730785358312e-07
4.657028571428521536e+04 nan 1.383258825976804628e-07
4.658038095238045207e+04 nan 1.382659311173149267e-07
4.659047619047568878e+04 nan 1.382060186036404115e-07
4.660057142857093277e+04 nan 1.381461450228945014e-07
4.661066666666616948e+04 nan 1.380863103413516268e-07
4.662076190476140619e+04 nan 1.380265145253225081e-07
4.663085714285665017e+04 nan 1.379667575411543408e-07
4.664095238095188688e+04 nan 1.379070393552308756e-07
4.665104761904712359e+04 nan 1.378473599339721265e-07
4.666114285714236030e+04 nan 1.377877192438344241e-07
4.667123809523758973e+04 nan 1.377281172513104156e-07
4.668133333333284099e+04 nan 1.376685539229289323e-07
4.669142857142807043e+04 nan 1.376090292252550691e-07
4.670152380952330714e+04 nan 1.375495431248899729e-07
4.671161904761855112e+04 nan 1.374900955884708159e-07
4.672171428571378783e+04 nan 1.374306865826710601e-07
4.673180952380902454e+04 nan 1.373713160741999021e-07
4.674190476190426125e+04 nan 1.373119840298026165e-07
4.675199999999949796e+04 nan 1.372526904162602918e-07
4.676209523809474194e+04 nan 1.371934352003899092e-07
4.677219047618997865e+04 nan 1.371342183490443433e-07
4.678228571428521536e+04 nan 1.370750398291121230e-07
4.679238095238045935e+04 nan 1.370158996075174590e-07
4.680247619047569606e+04 nan 1.369567976512204017e-07
4.681257142857092549e+04 nan 1.368977339272164447e-07
4.682266666666616220e+04 nan 1.368387084025367892e-07
4.683276190476139891e+04 nan 1.367797210442480002e-07
4.684285714285664289e+04 nan 1.367207718194522445e-07
4.685295238095187960e+04 nan 1.366618606952872378e-07
4.686304761904711631e+04 nan 1.366029876389259004e-07
4.687314285714236030e+04 nan 1.365441526175764372e-07
4.688323809523759701e+04 nan 1.364853555984826812e-07
4.689333333333283372e+04 nan 1.364265965489234055e-07
4.690342857142807043e+04 nan 1.363678754362127469e-07
4.691352380952329986e+04 nan 1.363091922276999145e-07
4.692361904761855112e+04 nan 1.362505468907692961e-07
4.693371428571378055e+04 nan 1.361919393928404045e-07
4.694380952380901726e+04 nan 1.361333697013676927e-07
4.695390476190426125e+04 nan 1.360748377838405805e-07
4.696399999999949796e+04 nan 1.360163436077835335e-07
4.697409523809473467e+04 nan 1.359578871407558515e-07
4.698419047618997138e+04 nan 1.358994683503516157e-07
4.699428571428520809e+04 nan 1.358410872041998209e-07
4.700438095238045207e+04 nan 1.357827436699641108e-07
4.701447619047568878e+04 nan 1.357244377153430163e-07
4.702457142857092549e+04 nan 1.356661693080695320e-07
4.703466666666616948e+04 nan 1.356079384159113809e-07
4.704476190476140619e+04 nan 1.355497450066708817e-07
4.705485714285663562e+04 nan 1.354915890481848700e-07
4.706495238095187233e+04 nan 1.354334705083246450e-07
4.707504761904710904e+04 nan 1.353753893549959695e-07
4.708514285714235302e+04 nan 1.353173455561389376e-07
4.709523809523758973e+04 nan 1.352593390797282129e-07
4.710533333333282644e+04 nan 1.352013698937725786e-07
4.711542857142807043e+04 nan 1.351434379663150434e-07
4.712552380952330714e+04 nan 1.350855432654330795e-07
4.713561904761854385e+04 nan 1.350276857592381464e-07
4.714571428571378055e+04 nan 1.349698654158758760e-07
4.715580952380901726e+04 nan 1.349120822035260199e-07
4.716590476190426125e+04 nan 1.348543360904023431e-07
4.717599999999949068e+04 nan 1.347966270447527040e-07
4.718609523809472739e+04 nan 1.347389550348588686e-07
4.719619047618997138e+04 nan 1.346813200290364048e-07
4.720628571428520809e+04 nan 1.346237219956350265e-07
4.721638095238044480e+04 nan 1.345661609030380644e-07
4.722647619047568151e+04 nan 1.345086367196626509e-07
4.723657142857091821e+04 nan 1.344511494139597469e-07
4.724666666666616220e+04 nan 1.343936989544139298e-07
4.725676190476139891e+04 nan 1.343362853095435791e-07
4.726685714285663562e+04 nan 1.342789084479005054e-07
4.727695238095187960e+04 nan 1.342215683380702156e-07
4.728704761904711631e+04 nan 1.341642649486717006e-07
4.729714285714235302e+04 nan 1.341069982483574886e-07
4.730723809523758246e+04 nan 1.340497682058134599e-07
4.731733333333281917e+04 nan 1.339925747897590053e-07
4.732742857142806315e+04 nan 1.339354179689467089e-07
4.733752380952329986e+04 nan 1.338782977121626653e-07
4.734761904761853657e+04 nan 1.338212139882261624e-07
4.735771428571378055e+04 nan 1.337641667659896282e-07
4.736780952380901726e+04 nan 1.337071560143388691e-07
4.737790476190425397e+04 nan 1.336501817021926729e-07
4.738799999999949068e+04 nan 1.335932437985029674e-07
4.739809523809472739e+04 nan 1.335363422722548208e-07
4.740819047618997138e+04 nan 1.334794770924661500e-07
4.741828571428520809e+04 nan 1.334226482281880919e-07
4.742838095238043752e+04 nan 1.333658556485044731e-07
4.743847619047568151e+04 nan 1.333090993225321812e-07
4.744857142857091821e+04 nan 1.332523792194208734e-07
4.745866666666615492e+04 nan 1.331956953083530824e-07
4.746876190476139163e+04 nan 1.331390475585440045e-07
4.747885714285662834e+04 nan 1.330824359392416585e-07
4.748895238095187233e+04 nan 1.330258604197266211e-07
4.749904761904710904e+04 nan 1.329693209693123181e-07
4.750914285714234575e+04 nan 1.329128175573446005e-07
4.751923809523758973e+04 nan 1.328563501532018510e-07
4.752933333333282644e+04 nan 1.327999187262952216e-07
4.753942857142806315e+04 nan 1.327435232460680252e-07
4.754952380952329258e+04 nan 1.326871636819961855e-07
4.755961904761852929e+04 nan 1.326308400035880252e-07
4.756971428571377328e+04 nan 1.325745521803840542e-07
4.757980952380900999e+04 nan 1.325183001819573402e-07
4.758990476190424670e+04 nan 1.324620839779130589e-07
4.759999999999949068e+04 nan 1.324059035378885731e-07
4.761009523809472739e+04 nan 1.323497588315536447e-07
4.762019047618996410e+04 nan 1.322936498286099581e-07
4.763028571428520081e+04 nan 1.322375764987913849e-07
4.764038095238043752e+04 nan 1.321815388118638782e-07
4.765047619047568151e+04 nan 1.321255367376253930e-07
4.766057142857091821e+04 nan 1.320695702459059128e-07
4.767066666666614765e+04 nan 1.320136393065672906e-07
4.768076190476139891e+04 nan 1.319577438895032755e-07
4.769085714285662834e+04 nan 1.319018839646396186e-07
4.770095238095186505e+04 nan 1.318460595019337818e-07
4.771104761904710176e+04 nan 1.317902704713749643e-07
4.772114285714233847e+04 nan 1.317345168429841820e-07
4.773123809523758246e+04 nan 1.316787985868140555e-07
4.774133333333281917e+04 nan 1.316231156729490224e-07
4.775142857142805588e+04 nan 1.315674680715050720e-07
4.776152380952329986e+04 nan 1.315118557526296662e-07
4.777161904761853657e+04 nan 1.314562786865019779e-07
4.778171428571377328e+04 nan 1.314007368433325466e-07
4.779180952380900271e+04 nan 1.313452301933634636e-07
4.780190476190423942e+04 nan 1.312897587068681606e-07
4.781199999999948341e+04 nan 1.312343223541514360e-07
4.782209523809472012e+04 nan 1.311789211055495871e-07
4.783219047618995683e+04 nan 1.311235549314300398e-07
4.784228571428520081e+04 nan 1.310682238021915336e-07
4.785238095238043752e+04 nan 1.310129276882640691e-07
4.786247619047567423e+04 nan 1.309576665601088014e-07
4.787257142857091094e+04 nan 1.309024403882179880e-07
4.788266666666614765e+04 nan 1.308472491431150411e-07
4.789276190476139163e+04 nan 1.307920927953543690e-07
4.790285714285662834e+04 nan 1.307369713155215880e-07
4.791295238095185778e+04 nan 1.306818846742330458e-07
4.792304761904710904e+04 nan 1.306268328421361390e-07
4.793314285714233847e+04 nan 1.305718157899092869e-07
4.794323809523757518e+04 nan 1.305168334882616403e-07
4.795333333333281189e+04 nan 1.304618859079331870e-07
4.796342857142804860e+04 nan 1.304069730196947790e-07
4.797352380952329258e+04 nan 1.303520947943478934e-07
4.798361904761852929e+04 nan 1.302972512027248713e-07
4.799371428571376600e+04 nan 1.302424422156886263e-07
4.800380952380900999e+04 nan 1.301876678041327242e-07
4.801390476190424670e+04 nan 1.301329279389814090e-07
4.802399999999948341e+04 nan 1.300782225911893386e-07
4.803409523809471284e+04 nan 1.300235517317417701e-07
4.804419047618994955e+04 nan 1.299689153316544270e-07
4.805428571428519354e+04 nan 1.299143133619734469e-07
4.806438095238043024e+04 nan 1.298597457937755134e-07
4.807447619047566695e+04 nan 1.298052125981674855e-07
4.808457142857091094e+04 nan 1.297507137462865833e-07
4.809466666666614765e+04 nan 1.296962492093004934e-07
4.810476190476138436e+04 nan 1.296418189584069457e-07
4.811485714285662107e+04 nan 1.295874229648339516e-07
4.812495238095185778e+04 nan 1.295330611998396979e-07
4.813504761904710176e+04 nan 1.294787336347125206e-07
4.814514285714233847e+04 nan 1.294244402407708517e-07
4.815523809523756790e+04 nan 1.293701809893632195e-07
4.816533333333281917e+04 nan 1.293159558518680366e-07
4.817542857142804860e+04 nan 1.292617647996939440e-07
4.818552380952328531e+04 nan 1.292076078042792555e-07
4.819561904761852202e+04 nan 1.291534848370923809e-07
4.820571428571375873e+04 nan 1.290993958696315616e-07
4.821580952380900271e+04 nan 1.290453408734247644e-07
4.822590476190423942e+04 nan 1.289913198200299464e-07
4.823599999999947613e+04 nan 1.289373326810347374e-07
4.824609523809472012e+04 nan 1.288833794280563867e-07
4.825619047618995683e+04 nan 1.288294600327420018e-07
4.826628571428519354e+04 nan 1.287755744667682302e-07
4.827638095238043024e+04 nan 1.287217227018413657e-07
4.828647619047565968e+04 nan 1.286679047096972953e-07
4.829657142857090366e+04 nan 1.286141204621012874e-07
4.830666666666614037e+04 nan 1.285603699308483624e-07
4.831676190476137708e+04 nan 1.285066530877628695e-07
4.832685714285662107e+04 nan 1.284529699046985125e-07
4.833695238095185778e+04 nan 1.283993203535385621e-07
4.834704761904709449e+04 nan 1.283457044061954587e-07
4.835714285714233120e+04 nan 1.282921220346111302e-07
4.836723809523756790e+04 nan 1.282385732107566209e-07
4.837733333333281189e+04 nan 1.281850579066322775e-07
4.838742857142804860e+04 nan 1.281315760942677486e-07
4.839752380952328531e+04 nan 1.280781277457217200e-07
4.840761904761852929e+04 nan 1.280247128330820209e-07
4.841771428571375873e+04 nan 1.279713313284656502e-07
4.842780952380899544e+04 nan 1.279179832040186972e-07
4.843790476190423215e+04 nan 1.278646684319161028e-07
4.844799999999946886e+04 nan 1.278113869843619253e-07
4.845809523809471284e+04 nan 1.277581388335891009e-07
4.846819047618994955e+04 nan 1.277049239518596566e-07
4.847828571428518626e+04 nan 1.276517423114642859e-07
4.848838095238043024e+04 nan 1.275985938847225344e-07
4.849847619047566695e+04 nan 1.275454786439829851e-07
4.850857142857090366e+04 nan 1.274923965616227024e-07
4.851866666666614037e+04 nan 1.274393476100476823e-07
4.852876190476136981e+04 nan 1.273863317616925080e-07
4.853885714285661379e+04 nan 1.273333489890204560e-07
4.854895238095185050e+04 nan 1.272803992645234962e-07
4.855904761904708721e+04 nan 1.272274825607221061e-07
4.856914285714233120e+04 nan 1.271745988501653245e-07
4.857923809523756790e+04 nan 1.271217481054307774e-07
4.858933333333280461e+04 nan 1.270689302991245191e-07
4.859942857142804132e+04 nan 1.270161454038810593e-07
4.860952380952327803e+04 nan 1.269633933923633360e-07
4.861961904761852202e+04 nan 1.269106742372625835e-07
4.862971428571375873e+04 nan 1.268579879112985439e-07
4.863980952380899544e+04 nan 1.268053343872191235e-07
4.864990476190423942e+04 nan 1.267527136378005508e-07
4.865999999999947613e+04 nan 1.267001256358473508e-07
4.867009523809470556e+04 nan 1.266475703541921329e-07
4.868019047618994227e+04 nan 1.265950477656957232e-07
4.869028571428517898e+04 nan 1.265425578432471382e-07
4.870038095238042297e+04 nan 1.264901005597633463e-07
4.871047619047565968e+04 nan 1.264376758881895859e-07
4.872057142857089639e+04 nan 1.263852838014989680e-07
4.873066666666614037e+04 nan 1.263329242726925290e-07
4.874076190476137708e+04 nan 1.262805972747995489e-07
4.875085714285661379e+04 nan 1.262283027808769683e-07
4.876095238095185050e+04 nan 1.261760407640096536e-07
4.877104761904707993e+04 nan 1.261238111973104232e-07
4.878114285714233120e+04 nan 1.260716140539198095e-07
4.879123809523756063e+04 nan 1.260194493070062704e-07
4.880133333333279734e+04 nan 1.259673169297658453e-07
4.881142857142804132e+04 nan 1.259152168954223403e-07
4.882152380952327803e+04 nan 1.258631491772273816e-07
4.883161904761851474e+04 nan 1.258111137484600178e-07
4.884171428571375145e+04 nan 1.257591105824270907e-07
4.885180952380898816e+04 nan 1.257071396524629180e-07
4.886190476190423215e+04 nan 1.256552009319293457e-07
4.887199999999946886e+04 nan 1.256032943942158546e-07
4.888209523809470556e+04 nan 1.255514200127392947e-07
4.889219047618994955e+04 nan 1.254995777609439394e-07
4.890228571428518626e+04 nan 1.254477676123016164e-07
4.891238095238041569e+04 nan 1.253959895403113385e-07
4.892247619047565240e+04 nan 1.253442435184995938e-07
4.893257142857088911e+04 nan 1.252925295204201077e-07
4.894266666666613310e+04 nan 1.252408475196538434e-07
4.895276190476136981e+04 nan 1.251891974898091600e-07
4.896285714285660652e+04 nan 1.251375794045214952e-07
4.897295238095185050e+04 nan 1.250859932374533654e-07
4.898304761904708721e+04 nan 1.250344389622947096e-07
4.899314285714232392e+04 nan 1.249829165527623074e-07
4.900323809523756063e+04 nan 1.249314259826001224e-07
4.901333333333279006e+04 nan 1.248799672255791179e-07
4.902342857142804132e+04 nan 1.248285402554972824e-07
4.903352380952327076e+04 nan 1.247771450461796038e-07
4.904361904761850747e+04 nan 1.247257815714779368e-07
4.905371428571375145e+04 nan 1.246744498052710295e-07
4.906380952380898816e+04 nan 1.246231497214646553e-07
4.907390476190422487e+04 nan 1.245718812939912961e-07
4.908399999999946158e+04 nan 1.245206444968101943e-07
4.909409523809469829e+04 nan 1.244694393039074859e-07
4.910419047618994227e+04 nan 1.244182656892959088e-07
4.911428571428517898e+04 nan 1.243671236270150679e-07
4.912438095238041569e+04 nan 1.243160130911311436e-07
4.913447619047565968e+04 nan 1.242649340557368658e-07
4.914457142857089639e+04 nan 1.242138864949518308e-07
4.915466666666612582e+04 nan 1.241628703829219727e-07
4.916476190476136253e+04 nan 1.241118856938198274e-07
4.917485714285659924e+04 nan 1.240609324018444803e-07
4.918495238095184322e+04 nan 1.240100104812214070e-07
4.919504761904707993e+04 nan 1.239591199062027117e-07
4.920514285714231664e+04 nan 1.239082606510667037e-07
4.921523809523756063e+04 nan 1.238574326901181092e-07
4.922533333333279734e+04 nan 1.238066359976881505e-07
4.923542857142803405e+04 nan 1.237558705481341758e-07
4.924552380952327076e+04 nan 1.237051363158399235e-07
4.925561904761850747e+04 nan 1.236544332752153370e-07
4.926571428571375145e+04 nan 1.236037614006965386e-07
4.927580952380898088e+04 nan 1.235531206667459878e-07
4.928590476190421759e+04 nan 1.235025110478521640e-07
4.929599999999946158e+04 nan 1.234519325185295663e-07
4.930609523809469829e+04 nan 1.234013850533190842e-07
4.931619047618993500e+04 nan 1.233508686267874153e-07
4.932628571428517171e+04 nan 1.233003832135273564e-07
4.933638095238040842e+04 nan 1.232499287881576975e-07
4.934647619047565240e+04 nan 1.231995053253230898e-07
4.935657142857088911e+04 nan 1.231491127996943627e-07
4.936666666666612582e+04 nan 1.230987511859680219e-07
4.937676190476136981e+04 nan 1.230484204588664070e-07
4.938685714285660652e+04 nan 1.229981205931379307e-07
4.939695238095183595e+04 nan 1.229478515635565754e-07
4.940704761904707266e+04 nan 1.228976133449222109e-07
4.941714285714230937e+04 nan 1.228474059120603828e-07
4.942723809523755335e+04 nan 1.227972292398223123e-07
4.943733333333279006e+04 nan 1.227470833030850816e-07
4.944742857142802677e+04 nan 1.226969680767512368e-07
4.945752380952327076e+04 nan 1.226468835357488938e-07
4.946761904761850747e+04 nan 1.225968296550319766e-07
4.947771428571374418e+04 nan 1.225468064095797937e-07
4.948780952380898088e+04 nan 1.224968137743971175e-07
4.949790476190421759e+04 nan 1.224468517245143695e-07
4.950799999999946158e+04 nan 1.223969202349872767e-07
4.951809523809469829e+04 nan 1.223470192808971354e-07
4.952819047618992772e+04 nan 1.222971488373505474e-07
4.953828571428517171e+04 nan 1.222473088794793930e-07
4.954838095238040842e+04 nan 1.221974993824411221e-07
4.955847619047564513e+04 nan 1.221477203214182784e-07
4.956857142857088184e+04 nan 1.220979716716187368e-07
4.957866666666611854e+04 nan 1.220482534082755716e-07
4.958876190476136253e+04 nan 1.219985655066471356e-07
4.959885714285659924e+04 nan 1.219489079420169811e-07
4.960895238095183595e+04 nan 1.218992806896937270e-07
4.961904761904707993e+04 nan 1.218496837250110591e-07
4.962914285714231664e+04 nan 1.218001170233279157e-07
4.963923809523755335e+04 nan 1.217505805600281692e-07
4.964933333333278279e+04 nan 1.217010743105207327e-07
4.965942857142801950e+04 nan 1.216515982502395067e-07
4.966952380952326348e+04 nan 1.216021523546433790e-07
4.967961904761850019e+04 nan 1.215527365992162252e-07
4.968971428571373690e+04 nan 1.215033509594666699e-07
4.969980952380898088e+04 nan 1.214539954109282722e-07
4.970990476190421759e+04 nan 1.214046699291596054e-07
4.971999999999945430e+04 nan 1.213553744897437800e-07
4.973009523809469101e+04 nan 1.213061090682888677e-07
4.974019047618992772e+04 nan 1.212568736404275834e-07
4.975028571428517171e+04 nan 1.212076681818174444e-07
4.976038095238040842e+04 nan 1.211584926681406377e-07
4.977047619047563785e+04 nan 1.211093470751039936e-07
4.978057142857088184e+04 nan 1.210602313784389329e-07
4.979066666666611854e+04 nan 1.210111455539016257e-07
4.980076190476135525e+04 nan 1.209620895772726207e-07
4.981085714285659196e+04 nan 1.209130634243571364e-07
4.982095238095182867e+04 nan 1.208640670709848759e-07
4.983104761904707266e+04 nan 1.208151004930099210e-07
4.984114285714230937e+04 nan 1.207661636663109968e-07
4.985123809523754608e+04 nan 1.207172565667911012e-07
4.986133333333279006e+04 nan 1.206683791703776373e-07
4.987142857142802677e+04 nan 1.206195314530224662e-07
4.988152380952326348e+04 nan 1.205707133907016688e-07
4.989161904761849291e+04 nan 1.205219249594157048e-07
4.990171428571372962e+04 nan 1.204731661351892538e-07
4.991180952380897361e+04 nan 1.204244368940712149e-07
4.992190476190421032e+04 nan 1.203757372121348928e-07
4.993199999999944703e+04 nan 1.203270670654775205e-07
4.994209523809469101e+04 nan 1.202784264302206040e-07
4.995219047618992772e+04 nan 1.202298152825098161e-07
4.996228571428516443e+04 nan 1.201812335985148908e-07
4.997238095238040114e+04 nan 1.201326813544295965e-07
4.998247619047563785e+04 nan 1.200841585264717626e-07
4.999257142857088184e+04 nan 1.200356650908832002e-07
5.000266666666611854e+04 nan 1.199872010239298609e-07
5.001276190476134798e+04 nan 1.199387663019013866e-07
5.002285714285659924e+04 nan 1.198903609011115068e-07
5.003295238095182867e+04 nan 1.198419847978978533e-07
5.004304761904706538e+04 nan 1.197936379686219069e-07
5.005314285714230209e+04 nan 1.197453203896688921e-07
5.006323809523753880e+04 nan 1.196970320374479619e-07
5.007333333333278279e+04 nan 1.196487728883919068e-07
5.008342857142801950e+04 nan 1.196005429189574725e-07
5.009352380952325620e+04 nan 1.195523421056249628e-07
5.010361904761850019e+04 nan 1.195041704248983720e-07
5.011371428571373690e+04 nan 1.194560278533054642e-07
5.012380952380897361e+04 nan 1.194079143673975617e-07
5.013390476190420304e+04 nan 1.193598299437496506e-07
5.014399999999943975e+04 nan 1.193117745589601693e-07
5.015409523809468374e+04 nan 1.192637481896512203e-07
5.016419047618992045e+04 nan 1.192157508124684642e-07
5.017428571428515716e+04 nan 1.191677824040809077e-07
5.018438095238040114e+04 nan 1.191198429411811158e-07
5.019447619047563785e+04 nan 1.190719324004851454e-07
5.020457142857087456e+04 nan 1.190240507587323337e-07
5.021466666666611127e+04 nan 1.189761979926854434e-07
5.022476190476134798e+04 nan 1.189283740791306498e-07
5.023485714285659196e+04 nan 1.188805789948773026e-07
5.024495238095182867e+04 nan 1.188328127167582831e-07
5.025504761904705811e+04 nan 1.187850752216295012e-07
5.026514285714230937e+04 nan 1.187373664863702133e-07
5.027523809523753880e+04 nan 1.186896864878829426e-07
5.028533333333277551e+04 nan 1.186420352030932940e-07
5.029542857142801222e+04 nan 1.185944126089500733e-07
5.030552380952324893e+04 nan 1.185468186824251544e-07
5.031561904761849291e+04 nan 1.184992534005136255e-07
5.032571428571372962e+04 nan 1.184517167402335636e-07
5.033580952380896633e+04 nan 1.184042086786261142e-07
5.034590476190421032e+04 nan 1.183567291927553854e-07
5.035599999999944703e+04 nan 1.183092782597086066e-07
5.036609523809468374e+04 nan 1.182618558565958373e-07
5.037619047618991317e+04 nan 1.182144619605500863e-07
5.038628571428514988e+04 nan 1.181670965487273516e-07
5.039638095238039386e+04 nan 1.181197595983063553e-07
5.040647619047563057e+04 nan 1.180724510864889013e-07
5.041657142857086728e+04 nan 1.180251709904994382e-07
5.042666666666611127e+04 nan 1.179779192875851656e-07
5.043676190476134798e+04 nan 1.179306959550162454e-07
5.044685714285658469e+04 nan 1.178835009700854979e-07
5.045695238095182140e+04 nan 1.178363343101083484e-07
5.046704761904705811e+04 nan 1.177891959524230524e-07
5.047714285714230209e+04 nan 1.177420858743903781e-07
5.048723809523753880e+04 nan 1.176950040533939236e-07
5.049733333333277551e+04 nan 1.176479504668397733e-07
5.050742857142801950e+04 nan 1.176009250921564977e-07
5.051752380952324893e+04 nan 1.175539279067954577e-07
5.052761904761848564e+04 nan 1.175069588882303281e-07
5.053771428571372235e+04 nan 1.174600180139573626e-07
5.054780952380895906e+04 nan 1.174131052614952746e-07
5.055790476190420304e+04 nan 1.173662206083851574e-07
5.056799999999943975e+04 nan 1.173193640321906832e-07
5.057809523809467646e+04 nan 1.172725355104977854e-07
5.058819047618992045e+04 nan 1.172257350209147111e-07
5.059828571428515716e+04 nan 1.171789625410722334e-07
5.060838095238039386e+04 nan 1.171322180486232543e-07
5.061847619047563057e+04 nan 1.170855015212430291e-07
5.062857142857086001e+04 nan 1.170388129366290613e-07
5.063866666666610399e+04 nan 1.169921522725010491e-07
5.064876190476134070e+04 nan 1.169455195066010050e-07
5.065885714285657741e+04 nan 1.168989146166929772e-07
5.066895238095182140e+04 nan 1.168523375805632225e-07
5.067904761904705811e+04 nan 1.168057883760202053e-07
5.068914285714229482e+04 nan 1.167592669808943340e-07
5.069923809523753152e+04 nan 1.167127733730381454e-07
5.070933333333276823e+04 nan 1.166663075303262654e-07
5.071942857142801222e+04 nan 1.166198694306552501e-07
5.072952380952324893e+04 nan 1.165734590519437844e-07
5.073961904761848564e+04 nan 1.165270763721323775e-07
5.074971428571372962e+04 nan 1.164807213691835085e-07
5.075980952380896633e+04 nan 1.164343940210816661e-07
5.076990476190419577e+04 nan 1.163880943058331106e-07
5.077999999999943248e+04 nan 1.163418222014660056e-07
5.079009523809466918e+04 nan 1.162955776860303395e-07
5.080019047618991317e+04 nan 1.162493607375978586e-07
5.081028571428514988e+04 nan 1.162031713342622660e-07
5.082038095238038659e+04 nan 1.161570094541388243e-07
5.083047619047563057e+04 nan 1.161108750753645941e-07
5.084057142857086728e+04 nan 1.160647681760984073e-07
5.085066666666610399e+04 nan 1.160186887345206820e-07
5.086076190476134070e+04 nan 1.159726367288335282e-07
5.087085714285657014e+04 nan 1.159266121372606685e-07
5.088095238095182140e+04 nan 1.158806149380473851e-07
5.089104761904705083e+04 nan 1.158346451094607052e-07
5.090114285714228754e+04 nan 1.157887026297890171e-07
5.091123809523753152e+04 nan 1.157427874773422819e-07
5.092133333333276823e+04 nan 1.156968996304520071e-07
5.093142857142800494e+04 nan 1.156510390674711542e-07
5.094152380952324165e+04 nan 1.156052057667740983e-07
5.095161904761847836e+04 nan 1.155593997067566952e-07
5.096171428571372235e+04 nan 1.155136208658360820e-07
5.097180952380895906e+04 nan 1.154678692224509160e-07
5.098190476190419577e+04 nan 1.154221447550611626e-07
5.099199999999943975e+04 nan 1.153764474421479366e-07
5.100209523809467646e+04 nan 1.153307772622139387e-07
5.101219047618990589e+04 nan 1.152851341937829397e-07
5.102228571428514260e+04 nan 1.152395182153999525e-07
5.103238095238037931e+04 nan 1.151939293056313245e-07
5.104247619047562330e+04 nan 1.151483674430644333e-07
5.105257142857086001e+04 nan 1.151028326063080443e-07
5.106266666666609672e+04 nan 1.150573247739918601e-07
5.107276190476134070e+04 nan 1.150118439247667861e-07
5.108285714285657741e+04 nan 1.149663900373048899e-07
5.109295238095181412e+04 nan 1.149209630902991901e-07
5.110304761904705083e+04 nan 1.148755630624638016e-07
5.111314285714228026e+04 nan 1.148301899325338300e-07
5.112323809523753152e+04 nan 1.147848436792653977e-07
5.113333333333276096e+04 nan 1.147395242814356709e-07
5.114342857142799767e+04 nan 1.146942317178426338e-07
5.115352380952324165e+04 nan 1.146489659673051955e-07
5.116361904761847836e+04 nan 1.146037270086632816e-07
5.117371428571371507e+04 nan 1.145585148207775969e-07
5.118380952380895178e+04 nan 1.145133293825296644e-07
5.119390476190418849e+04 nan 1.144681706728219316e-07
5.120399999999943248e+04 nan 1.144230386705774659e-07
5.121409523809466918e+04 nan 1.143779333547403385e-07
5.122419047618990589e+04 nan 1.143328547042752272e-07
5.123428571428514988e+04 nan 1.142878026981674433e-07
5.124438095238038659e+04 nan 1.142427773154232485e-07
5.125447619047561602e+04 nan 1.141977785350693661e-07
5.126457142857085273e+04 nan 1.141528063361532316e-07
5.127466666666608944e+04 nan 1.141078606977429405e-07
5.128476190476133343e+04 nan 1.140629415989270623e-07
5.129485714285657014e+04 nan 1.140180490188149457e-07
5.130495238095180684e+04 nan 1.139731829365363473e-07
5.131504761904705083e+04 nan 1.139283433312415113e-07
5.132514285714228754e+04 nan 1.138835301821013683e-07
5.133523809523752425e+04 nan 1.138387434683071775e-07
5.134533333333276096e+04 nan 1.137939831690706591e-07
5.135542857142799767e+04 nan 1.137492492636240345e-07
5.136552380952324165e+04 nan 1.137045417312198403e-07
5.137561904761847109e+04 nan 1.136598605511311275e-07
5.138571428571370780e+04 nan 1.136152057026511565e-07
5.139580952380895178e+04 nan 1.135705771650936093e-07
5.140590476190418849e+04 nan 1.135259749177924702e-07
5.141599999999942520e+04 nan 1.134813989401020258e-07
5.142609523809466191e+04 nan 1.134368492113967457e-07
5.143619047618989862e+04 nan 1.133923257110714156e-07
5.144628571428514260e+04 nan 1.133478284185409773e-07
5.145638095238037931e+04 nan 1.133033573132406754e-07
5.146647619047561602e+04 nan 1.132589123746257918e-07
5.147657142857086001e+04 nan 1.132144935821717654e-07
5.148666666666609672e+04 nan 1.131701009153742975e-07
5.149676190476132615e+04 nan 1.131257343537489948e-07
5.150685714285656286e+04 nan 1.130813938768316472e-07
5.151695238095179957e+04 nan 1.130370794641780822e-07
5.152704761904704355e+04 nan 1.129927910953640986e-07
5.153714285714228026e+04 nan 1.129485287499855862e-07
5.154723809523751697e+04 nan 1.129042924076583395e-07
5.155733333333276096e+04 nan 1.128600820480181116e-07
5.156742857142799767e+04 nan 1.128158976507206932e-07
5.157752380952323438e+04 nan 1.127717391954416345e-07
5.158761904761847109e+04 nan 1.127276066618764440e-07
5.159771428571370780e+04 nan 1.126835000297404562e-07
5.160780952380895178e+04 nan 1.126394192787688313e-07
5.161790476190418121e+04 nan 1.125953643887167142e-07
5.162799999999941792e+04 nan 1.125513353393588376e-07
5.163809523809466191e+04 nan 1.125073321104897201e-07
5.164819047618989862e+04 nan 1.124633546819237460e-07
5.165828571428513533e+04 nan 1.124194030334949667e-07
5.166838095238037204e+04 nan 1.123754771450570477e-07
5.167847619047560875e+04 nan 1.123315769964834803e-07
5.168857142857085273e+04 nan 1.122877025676672375e-07
5.169866666666608944e+04 nan 1.122438538385211051e-07
5.170876190476132615e+04 nan 1.122000307889773505e-07
5.171885714285657014e+04 nan 1.121562333989878024e-07
5.172895238095180684e+04 nan 1.121124616485240094e-07
5.173904761904704355e+04 nan 1.120687155175768960e-07
5.174914285714227299e+04 nan 1.120249949861570007e-07
5.175923809523750970e+04 nan 1.119813000342942514e-07
5.176933333333275368e+04 nan 1.119376306420380972e-07
5.177942857142799039e+04 nan 1.118939867894575351e-07
5.178952380952322710e+04 nan 1.118503684566408721e-07
5.179961904761847109e+04 nan 1.118067756236957512e-07
5.180971428571370780e+04 nan 1.117632082707494028e-07
5.181980952380894450e+04 nan 1.117196663779482086e-07
5.182990476190418121e+04 nan 1.116761499254580186e-07
5.183999999999941792e+04 nan 1.116326588934638867e-07
5.185009523809466191e+04 nan 1.115891932621702294e-07
5.186019047618989862e+04 nan 1.115457530118007595e-07
5.187028571428512805e+04 nan 1.115023381225983146e-07
5.188038095238037204e+04 nan 1.114589485748250286e-07
5.189047619047560875e+04 nan 1.114155843487622919e-07
5.190057142857084546e+04 nan 1.113722454247105270e-07
5.191066666666608216e+04 nan 1.113289317829894396e-07
5.192076190476131887e+04 nan 1.112856434039377803e-07
5.193085714285656286e+04 nan 1.112423802679134241e-07
5.194095238095179957e+04 nan 1.111991423552934234e-07
5.195104761904703628e+04 nan 1.111559296464737434e-07
5.196114285714228026e+04 nan 1.111127421218694867e-07
5.197123809523751697e+04 nan 1.110695797619148010e-07
5.198133333333275368e+04 nan 1.110264425470627601e-07
5.199142857142798312e+04 nan 1.109833304577854294e-07
5.200152380952321982e+04 nan 1.109402434745738669e-07
5.201161904761846381e+04 nan 1.108971815779379767e-07
5.202171428571370052e+04 nan 1.108541447484066816e-07
5.203180952380893723e+04 nan 1.108111329665277376e-07
5.204190476190418121e+04 nan 1.107681462128677208e-07
5.205199999999941792e+04 nan 1.107251844680121860e-07
5.206209523809465463e+04 nan 1.106822477125653493e-07
5.207219047618989134e+04 nan 1.106393359271503261e-07
5.208228571428512805e+04 nan 1.105964490924089593e-07
5.209238095238037204e+04 nan 1.105535871890018588e-07
5.210247619047560875e+04 nan 1.105107501976084414e-07
5.211257142857083818e+04 nan 1.104679380989267187e-07
5.212266666666608944e+04 nan 1.104251508736734430e-07
5.213276190476131887e+04 nan 1.103823885025840809e-07
5.214285714285655558e+04 nan 1.103396509664126938e-07
5.215295238095179229e+04 nan 1.102969382459319780e-07
5.216304761904702900e+04 nan 1.102542503219331981e-07
5.217314285714227299e+04 nan 1.102115871752262668e-07
5.218323809523750970e+04 nan 1.101689487866396523e-07
5.219333333333274641e+04 nan 1.101263351370202984e-07
5.220342857142799039e+04 nan 1.100837462072336780e-07
5.221352380952322710e+04 nan 1.100411819781639118e-07
5.222361904761846381e+04 nan 1.099986424307133449e-07
5.223371428571369324e+04 nan 1.099561275458029705e-07
5.224380952380892995e+04 nan 1.099136373043721120e-07
5.225390476190417394e+04 nan 1.098711716873785160e-07
5.226399999999941065e+04 nan 1.098287306757984047e-07
5.227409523809464736e+04 nan 1.097863142506262647e-07
5.228419047618989134e+04 nan 1.097439223928749259e-07
5.229428571428512805e+04 nan 1.097015550835756679e-07
5.230438095238036476e+04 nan 1.096592123037779416e-07
5.231447619047560147e+04 nan 1.096168940345495416e-07
5.232457142857083818e+04 nan 1.095746002569765001e-07
5.233466666666608216e+04 nan 1.095323309521630738e-07
5.234476190476131887e+04 nan 1.094900861012318496e-07
5.235485714285654831e+04 nan 1.094478656853234405e-07
5.236495238095179957e+04 nan 1.094056696855967765e-07
5.237504761904702900e+04 nan 1.093634980832288664e-07
5.238514285714226571e+04 nan 1.093213508594149302e-07
5.239523809523750242e+04 nan 1.092792279953682272e-07
5.240533333333273913e+04 nan 1.092371294723200955e-07
5.241542857142798312e+04 nan 1.091950552715200181e-07
5.242552380952321982e+04 nan 1.091530053742355042e-07
5.243561904761845653e+04 nan 1.091109797617521150e-07
5.244571428571370052e+04 nan 1.090689784153733190e-07
5.245580952380893723e+04 nan 1.090270013164207027e-07
5.246590476190417394e+04 nan 1.089850484462337863e-07
5.247599999999940337e+04 nan 1.089431197861699703e-07
5.248609523809464008e+04 nan 1.089012153176046411e-07
5.249619047618988407e+04 nan 1.088593350219310791e-07
5.250628571428512078e+04 nan 1.088174788805604844e-07
5.251638095238035748e+04 nan 1.087756468749218582e-07
5.252647619047560147e+04 nan 1.087338389864620687e-07
5.253657142857083818e+04 nan 1.086920551966458645e-07
5.254666666666607489e+04 nan 1.086502954869557026e-07
5.255676190476131160e+04 nan 1.086085598388918936e-07
5.256685714285654831e+04 nan 1.085668482339724830e-07
5.257695238095179229e+04 nan 1.085251606537332247e-07
5.258704761904702900e+04 nan 1.084834970797276865e-07
5.259714285714226571e+04 nan 1.084418574935270785e-07
5.260723809523750970e+04 nan 1.084002418767202132e-07
5.261733333333273913e+04 nan 1.083586502109137436e-07
5.262742857142797584e+04 nan 1.083170824777318326e-07
5.263752380952321255e+04 nan 1.082755386588162851e-07
5.264761904761844926e+04 nan 1.082340187358265217e-07
5.265771428571369324e+04 nan 1.081925226904394728e-07
5.266780952380892995e+04 nan 1.081510505043497901e-07
5.267790476190416666e+04 nan 1.081096021592695295e-07
5.268799999999941065e+04 nan 1.080681776369282168e-07
5.269809523809464736e+04 nan 1.080267769190730728e-07
5.270819047618988407e+04 nan 1.079853999874686428e-07
5.271828571428512078e+04 nan 1.079440468238969422e-07
5.272838095238035021e+04 nan 1.079027174101574961e-07
5.273847619047559419e+04 nan 1.078614117280671276e-07
5.274857142857083090e+04 nan 1.078201297594602226e-07
5.275866666666606761e+04 nan 1.077788714861884252e-07
5.276876190476131160e+04 nan 1.077376368901207041e-07
5.277885714285654831e+04 nan 1.076964259531435374e-07
5.278895238095178502e+04 nan 1.076552386571605693e-07
5.279904761904702173e+04 nan 1.076140749840927815e-07
5.280914285714225844e+04 nan 1.075729349158784537e-07
5.281923809523750242e+04 nan 1.075318184344730578e-07
5.282933333333273913e+04 nan 1.074907255218494296e-07
5.283942857142797584e+04 nan 1.074496561599975445e-07
5.284952380952321982e+04 nan 1.074086103309245168e-07
5.285961904761844926e+04 nan 1.073675880166547986e-07
5.286971428571368597e+04 nan 1.073265891992298884e-07
5.287980952380892268e+04 nan 1.072856138607084507e-07
5.288990476190415939e+04 nan 1.072446619831662491e-07
5.289999999999940337e+04 nan 1.072037335486961469e-07
5.291009523809464008e+04 nan 1.071628285394081728e-07
5.292019047618987679e+04 nan 1.071219469374293628e-07
5.293028571428512078e+04 nan 1.070810887249037195e-07
5.294038095238035748e+04 nan 1.070402538839923851e-07
5.295047619047559419e+04 nan 1.069994423968734686e-07
5.296057142857083090e+04 nan 1.069586542457420728e-07
5.297066666666606034e+04 nan 1.069178894128101750e-07
5.298076190476131160e+04 nan 1.068771478803067989e-07
5.299085714285654103e+04 nan 1.068364296304779222e-07
